"main-captions	MSRvid	2012test	0024	5.000	Bayes theorem describes the probability of an event, based on prior knowledge of conditions that might be related to the event.  Based on prior knowledge of conditions that might be realted to the event, bayes theorem is the probability of an event",,,,,,,,,,
"main-captions	MSRvid	2012test	0033	5.000	 The main difference is that L1 can yield sparse models while L2 doesn't.	The difference is that L2 doesnt yield sparse models whereas l1 does.",,,,,,,,,,
"main-captions	MSRvid	2012test	0045	5.000	In deep learning, a convolutional neural network is a class of deep neural networks, most commonly applied to analyzing visual imagery.	CNN is a class of deep neural networks, applied to analyze visual imagery.",,,,,,,,,,
"main-captions	MSRvid	2012test	0082	2.500	In a supervised learning model, the algorithm learns on a labeled dataset, providing an answer key that the algorithm can use to evaluate its accuracy on training data while in An unsupervised model, in contrast, provides unlabeled data that the algorithm tries to make sense of by extracting features and patterns on its own.	Unsupervised model, the algorithm provides unlabeled data that the algorithm tries to make sense of by extracting features and patterns on its own.",,,,,,,,,,
"main-captions	MSRvid	2012test	0066	2.500	In a supervised learning model, the algorithm learns on a labeled dataset, providing an answer key that the algorithm can use to evaluate its accuracy on training data while in An unsupervised model, in contrast, provides unlabeled data that the algorithm tries to make sense of by extracting features and patterns on its own.	Supervised learning, algorithm learns on labeled dataset,providing an answer key that the algorithm can use to evaluate its accuracy on training data.",,,,,,,,,,
"main-captions	MSRvid	2012test	0074	3.000	Bayes theorem describes the probability of an event, based on prior knowledge of conditions that might be related to the event.	Bayes theorem is the probability of an event.",,,,,,,,,,
"main-captions	MSRvid	2012test	0076	2.900	Bayes theorem describes the probability of an event, based on prior knowledge of conditions that might be related to the event.	Bayes theorem used to find the probability of an event.",,,,,,,,,,
"main-captions	MSRvid	2012test	0082	1.000	The main difference is that L1 can yield sparse models while L2 doesn't.	The difference is that L1 and L2 are sparse.",,,,,,,,,,
"main-captions	MSRvid	2012test	0092	4.000	The main difference is that L1 can yield sparse models while L2 doesn't.	One is sparse other is not.",,,,,,,,,,
"main-captions	MSRvid	2012test	0095	4.000	In deep learning, a convolutional neural network is a class of deep neural networks, most commonly applied to analyzing visual imagery.	CNN applied to analyze visual imagery.",,,,,,,,,,
"main-captions	MSRvid	2012test	0096	4.500	In deep learning, a convolutional neural network is a class of deep neural networks, most commonly applied to analyzing visual imagery.	CNN is a deep neural network used to analyze images.",,,,,,,,,,
,,,,,,,,,,
,,,,,,,,,,
,,,,,,,,,,
,,,,,,,,,,
,,,,,,,,,,
,,,,,,,,,,
,,,,,,,,,,
,,,,,,,,,,
,,,,,,,,,,
,,,,,,,,,,
,,,,,,,,,,
,,,,,,,,,,
,,,,,,,,,,
,,,,,,,,,,
,,,,,,,,,,
,,,,,,,,,,
,,,,,,,,,,
,,,,,,,,,,
,,,,,,,,,,
,,,,,,,,,,
,,,,,,,,,,
,,,,,,,,,,
,,,,,,,,,,
,,,,,,,,,,
,,,,,,,,,,
,,,,,,,,,,
,,,,,,,,,,
,,,,,,,,,,
,,,,,,,,,,
,,,,,,,,,,
,,,,,,,,,,
,,,,,,,,,,
,,,,,,,,,,
,,,,,,,,,,
,,,,,,,,,,
,,,,,,,,,,
,,,,,,,,,,
,,,,,,,,,,
,,,,,,,,,,
,,,,,,,,,,
,,,,,,,,,,
,,,,,,,,,,
,,,,,,,,,,
,,,,,,,,,,
,,,,,,,,,,
,,,,,,,,,,
,,,,,,,,,,
,,,,,,,,,,
,,,,,,,,,,
,,,,,,,,,,
,,,,,,,,,,
,,,,,,,,,,
,,,,,,,,,,
,,,,,,,,,,
,,,,,,,,,,
,,,,,,,,,,
,,,,,,,,,,
,,,,,,,,,,
,,,,,,,,,,
,,,,,,,,,,
,,,,,,,,,,
,,,,,,,,,,
,,,,,,,,,,
,,,,,,,,,,
,,,,,,,,,,
,,,,,,,,,,
,,,,,,,,,,
,,,,,,,,,,
,,,,,,,,,,
,,,,,,,,,,
,,,,,,,,,,
,,,,,,,,,,
,,,,,,,,,,
,,,,,,,,,,
,,,,,,,,,,
,,,,,,,,,,
,,,,,,,,,,
,,,,,,,,,,
,,,,,,,,,,
,,,,,,,,,,
,,,,,,,,,,
,,,,,,,,,,
,,,,,,,,,,
,,,,,,,,,,
,,,,,,,,,,
,,,,,,,,,,
,,,,,,,,,,
, jump," and kick off of a Coke machine.	Three men are jumping off a wall.",,,,,,,,
,,,,,,,,,,
,,,,,,,,,,
,,,,,,,,,,
,,,,,,,,,,
,,,,,,,,,,
,,,,,,,,,,
,,,,,,,,,,
,,,,,,,,,,
,,,,,,,,,,
,,,,,,,,,,
,,,,,,,,,,
,,,,,,,,,,
,,,,,,,,,,
,,,,,,,,,,
,,,,,,,,,,
,,,,,,,,,,
,,,,,,,,,,
,,,,,,,,,,
,,,,,,,,,,
,,,,,,,,,,
,,,,,,,,,,
,,,,,,,,,,
,,,,,,,,,,
,,,,,,,,,,
,,,,,,,,,,
,,,,,,,,,,
,,,,,,,,,,
,,,,,,,,,,
,,,,,,,,,,
,,,,,,,,,,
,,,,,,,,,,
,,,,,,,,,,
,,,,,,,,,,
,,,,,,,,,,
,,,,,,,,,,
,,,,,,,,,,
,,,,,,,,,,
,,,,,,,,,,
,,,,,,,,,,
,,,,,,,,,,
,,,,,,,,,,
,,,,,,,,,,
,,,,,,,,,,
,,,,,,,,,,
,,,,,,,,,,
,,,,,,,,,,
,,,,,,,,,,
,,,,,,,,,,
,,,,,,,,,,
,,,,,,,,,,
,,,,,,,,,,
,,,,,,,,,,
,,,,,,,,,,
,,,,,,,,,,
,,,,,,,,,,
,,,,,,,,,,
,,,,,,,,,,
,,,,,,,,,,
,,,,,,,,,,
,,,,,,,,,,
,,,,,,,,,,
,,,,,,,,,,
,,,,,,,,,,
,,,,,,,,,,
,,,,,,,,,,
,,,,,,,,,,
,,,,,,,,,,
,,,,,,,,,,
,,,,,,,,,,
,,,,,,,,,,
,,,,,,,,,,
,,,,,,,,,,
,,,,,,,,,,
,,,,,,,,,,
,,,,,,,,,,
,,,,,,,,,,
,,,,,,,,,,
,,,,,,,,,,
,,,,,,,,,,
,,,,,,,,,,
,,,,,,,,,,
,,,,,,,,,,
,,,,,,,,,,
,,,,,,,,,,
,,,,,,,,,,
,,,,,,,,,,
,,,,,,,,,,
,,,,,,,,,,
,,,,,,,,,,
,,,,,,,,,,
,,,,,,,,,,
,,,,,,,,,,
,,,,,,,,,,
,,,,,,,,,,
,,,,,,,,,,
,,,,,,,,,,
,,,,,,,,,,
,,,,,,,,,,
,,,,,,,,,,
,,,,,,,,,,
,,,,,,,,,,
,,,,,,,,,,
,,,,,,,,,,
,,,,,,,,,,
,,,,,,,,,,
,,,,,,,,,,
,,,,,,,,,,
,,,,,,,,,,
,,,,,,,,,,
,,,,,,,,,,
,,,,,,,,,,
,,,,,,,,,,
,,,,,,,,,,
,,,,,,,,,,
,,,,,,,,,,
,,,,,,,,,,
,,,,,,,,,,
,,,,,,,,,,
,,,,,,,,,,
,,,,,,,,,,
,,,,,,,,,,
,,,,,,,,,,
,,,,,,,,,,
,,,,,,,,,,
,,,,,,,,,,
,,,,,,,,,,
,,,,,,,,,,
,,,,,,,,,,
,,,,,,,,,,
,,,,,,,,,,
,,,,,,,,,,
,,,,,,,,,,
,,,,,,,,,,
,,,,,,,,,,
,,,,,,,,,,
,,,,,,,,,,
,,,,,,,,,,
,,,,,,,,,,
,,,,,,,,,,
,,,,,,,,,,
, and singing.,,,,,,,,,
,,,,,,,,,,
,,,,,,,,,,
,,,,,,,,,,
,,,,,,,,,,
,,,,,,,,,,
,,,,,,,,,,
,,,,,,,,,,
,,,,,,,,,,
,,,,,,,,,,
,,,,,,,,,,
,,,,,,,,,,
,,,,,,,,,,
,,,,,,,,,,
,,,,,,,,,,
,,,,,,,,,,
,,,,,,,,,,
,,,,,,,,,,
,,,,,,,,,,
,,,,,,,,,,
,,,,,,,,,,
,,,,,,,,,,
,,,,,,,,,,
,,,,,,,,,,
,,,,,,,,,,
,,,,,,,,,,
,,,,,,,,,,
,,,,,,,,,,
,,,,,,,,,,
,,,,,,,,,,
,,,,,,,,,,
,,,,,,,,,,
,,,,,,,,,,
,,,,,,,,,,
,,,,,,,,,,
,,,,,,,,,,
,,,,,,,,,,
,,,,,,,,,,
,,,,,,,,,,
,,,,,,,,,,
, wine, and a purple plastic bowl.,,,,,,,,
,,,,,,,,,,
,,,,,,,,,,
,,,,,,,,,,
,,,,,,,,,,
,,,,,,,,,,
,,,,,,,,,,
,,,,,,,,,,
,,,,,,,,,,
,,,,,,,,,,
,,,,,,,,,,
,,,,,,,,,,
,,,,,,,,,,
,,,,,,,,,,
,,,,,,,,,,
,,,,,,,,,,
,,,,,,,,,,
, red and black sweaters.,,,,,,,,,
,,,,,,,,,,
,,,,,,,,,,
,,,,,,,,,,
,,,,,,,,,,
,,,,,,,,,,
,,,,,,,,,,
,,,,,,,,,,
,,,,,,,,,,
,,,,,,,,,,
,,,,,,,,,,
,,,,,,,,,,
,,,,,,,,,,
,,,,,,,,,,
,,,,,,,,,,
,,,,,,,,,,
,,,,,,,,,,
,,,,,,,,,,
,,,,,,,,,,
,,,,,,,,,,
,,,,,,,,,,
,,,,,,,,,,
,,,,,,,,,,
,,,,,,,,,,
,,,,,,,,,,
,,,,,,,,,,
,,,,,,,,,,
,,,,,,,,,,
,,,,,,,,,,
," with a tree in the background.	Ocean liner close to coast with houses in the background.",,,,,,,,,
,,,,,,,,,,
,,,,,,,,,,
,,,,,,,,,,
,,,,,,,,,,
,,,,,,,,,,
,,,,,,,,,,
,,,,,,,,,,
,,,,,,,,,,
,,,,,,,,,,
, upholstered chair," and coffee stable in a bright room.	A leather couch and wooden table in a living room.",,,,,,,,
,,,,,,,,,,
,,,,,,,,,,
,,,,,,,,,,
,,,,,,,,,,
,,,,,,,,,,
,,,,,,,,,,
,,,,,,,,,,
,,,,,,,,,,
,,,,,,,,,,
,,,,,,,,,,
,,,,,,,,,,
,,,,,,,,,,
,,,,,,,,,,
,,,,,,,,,,
,,,,,,,,,,
,,,,,,,,,,
,,,,,,,,,,
,,,,,,,,,,
,,,,,,,,,,
,,,,,,,,,,
,,,,,,,,,,
,,,,,,,,,,
,,,,,,,,,,
,,,,,,,,,,
,,,,,,,,,,
,,,,,,,,,,
,,,,,,,,,,
,,,,,,,,,,
,,,,,,,,,,
,,,,,,,,,,
,,,,,,,,,,
,,,,,,,,,,
,,,,,,,,,,
,,,,,,,,,,
," one brown and one white laying on a bed with a blue blanket.	Two cats", one ginger, the other white laying on a bed.,,,,,,,
,,,,,,,,,,
,,,,,,,,,,
,,,,,,,,,,
,,,,,,,,,,
,,,,,,,,,,
,,,,,,,,,,
,,,,,,,,,,
,,,,,,,,,,
,,,,,,,,,,
,,,,,,,,,,
,,,,,,,,,,
,,,,,,,,,,
,,,,,,,,,,
,,,,,,,,,,
,,,,,,,,,,
,,,,,,,,,,
,,,,,,,,,,
,,,,,,,,,,
,,,,,,,,,,
,,,,,,,,,,
,,,,,,,,,,
,,,,,,,,,,
,,,,,,,,,,
,,,,,,,,,,
,,,,,,,,,,
,,,,,,,,,,
,,,,,,,,,,
,,,,,,,,,,
,,,,,,,,,,
,,,,,,,,,,
,,,,,,,,,,
,,,,,,,,,,
,,,,,,,,,,
, woman and dog walk down a paved road.,,,,,,,,,
,,,,,,,,,,
,,,,,,,,,,
,,,,,,,,,,
,,,,,,,,,,
,,,,,,,,,,
,,,,,,,,,,
,,,,,,,,,,
,,,,,,,,,,
, one white and one black, are standing with their arms around each other.,,,,,,,,
,,,,,,,,,,
,,,,,,,,,,
,,,,,,,,,,
,,,,,,,,,,
,,,,,,,,,,
,,,,,,,,,,
,,,,,,,,,,
,,,,,,,,,,
,,,,,,,,,,
,,,,,,,,,,
,,,,,,,,,,
,,,,,,,,,,
,,,,,,,,,,
,,,,,,,,,,
," blond dog carries a stick on the shore.	The wet", brown dog has a stick in his mouth and is running in the sand next to the water.,,,,,,,,
,,,,,,,,,,
,,,,,,,,,,
,,,,,,,,,,
,,,,,,,,,,
,,,,,,,,,,
,,,,,,,,,,
,,,,,,,,,,
,,,,,,,,,,
,,,,,,,,,,
,,,,,,,,,,
,,,,,,,,,,
,,,,,,,,,,
," is sliding down a blue slide	The kid in the orange shirt is sliding down a teal slide.",,,,,,,,,
,,,,,,,,,,
,,,,,,,,,,
,,,,,,,,,,
,,,,,,,,,,
,,,,,,,,,,
,,,,,,,,,,
,,,,,,,,,,
,,,,,,,,,,
,,,,,,,,,,
,,,,,,,,,,
,,,,,,,,,,
,,,,,,,,,,
,,,,,,,,,,
,,,,,,,,,,
,,,,,,,,,,
,,,,,,,,,,
,,,,,,,,,,
,,,,,,,,,,
,,,,,,,,,,
,,,,,,,,,,
,,,,,,,,,,
,,,,,,,,,,
,,,,,,,,,,
,,,,,,,,,,
,,,,,,,,,,
,,,,,,,,,,
,,,,,,,,,,
,,,,,,,,,,
,,,,,,,,,,
,,,,,,,,,,
,,,,,,,,,,
,,,,,,,,,,
,,,,,,,,,,
,,,,,,,,,,
,,,,,,,,,,
,,,,,,,,,,
,,,,,,,,,,
,,,,,,,,,,
,,,,,,,,,,
,,,,,,,,,,
,,,,,,,,,,
,,,,,,,,,,
,,,,,,,,,,
,,,,,,,,,,
,,,,,,,,,,
,,,,,,,,,,
," showing teeth and barking at each other.	A black dog fighting with a brown dog in the snow.",,,,,,,,,
,,,,,,,,,,
,,,,,,,,,,
,,,,,,,,,,
,,,,,,,,,,
,,,,,,,,,,
,,,,,,,,,,
,,,,,,,,,,
,,,,,,,,,,
,,,,,,,,,,
,,,,,,,,,,
,,,,,,,,,,
,,,,,,,,,,
,,,,,,,,,,
,,,,,,,,,,
,,,,,,,,,,
,,,,,,,,,,
,,,,,,,,,,
,,,,,,,,,,
,,,,,,,,,,
,,,,,,,,,,
,,,,,,,,,,
,,,,,,,,,,
,,,,,,,,,,
,,,,,,,,,,
,,,,,,,,,,
,,,,,,,,,,
,,,,,,,,,,
,,,,,,,,,,
,,,,,,,,,,
,,,,,,,,,,
,,,,,,,,,,
, toting something in a bucket.,,,,,,,,,
,,,,,,,,,,
,,,,,,,,,,
,,,,,,,,,,
,,,,,,,,,,
,,,,,,,,,,
,,,,,,,,,,
,,,,,,,,,,
,,,,,,,,,,
,,,,,,,,,,
,,,,,,,,,,
,,,,,,,,,,
,,,,,,,,,,
,,,,,,,,,,
,,,,,,,,,,
,,,,,,,,,,
,,,,,,,,,,
,,,,,,,,,,
,,,,,,,,,,
,,,,,,,,,,
,,,,,,,,,,
,,,,,,,,,,
,,,,,,,,,,
,,,,,,,,,,
,,,,,,,,,,
,,,,,,,,,,
,,,,,,,,,,
,,,,,,,,,,
,,,,,,,,,,
,,,,,,,,,,
,,,,,,,,,,
,,,,,,,,,,
,,,,,,,,,,
,,,,,,,,,,
,,,,,,,,,,
,,,,,,,,,,
,,,,,,,,,,
,,,,,,,,,,
,,,,,,,,,,
,,,,,,,,,,
,,,,,,,,,,
,,,,,,,,,,
,,,,,,,,,,
,,,,,,,,,,
,,,,,,,,,,
,,,,,,,,,,
,,,,,,,,,,
,,,,,,,,,,
,,,,,,,,,,
,,,,,,,,,,
,,,,,,,,,,
,,,,,,,,,,
,,,,,,,,,,
,,,,,,,,,,
,,,,,,,,,,
,,,,,,,,,,
,,,,,,,,,,
,,,,,,,,,,
,,,,,,,,,,
,,,,,,,,,,
,,,,,,,,,,
,,,,,,,,,,
,,,,,,,,,,
,,,,,,,,,,
,,,,,,,,,,
,,,,,,,,,,
,,,,,,,,,,
,,,,,,,,,,
,,,,,,,,,,
,,,,,,,,,,
,,,,,,,,,,
,,,,,,,,,,
,,,,,,,,,,
,,,,,,,,,,
,,,,,,,,,,
,,,,,,,,,,
,,,,,,,,,,
,,,,,,,,,,
,,,,,,,,,,
,,,,,,,,,,
,,,,,,,,,,
,,,,,,,,,,
,,,,,,,,,,
,,,,,,,,,,
,,,,,,,,,,
,,,,,,,,,,
,,,,,,,,,,
,,,,,,,,,,
,,,,,,,,,,
,,,,,,,,,,
,,,,,,,,,,
,,,,,,,,,,
,,,,,,,,,,
,,,,,,,,,,
,,,,,,,,,,
,,,,,,,,,,
,,,,,,,,,,
,,,,,,,,,,
,,,,,,,,,,
,,,,,,,,,,
,,,,,,,,,,
,,,,,,,,,,
,,,,,,,,,,
,,,,,,,,,,
,,,,,,,,,,
," exhausted by my daily ritual of dragooning the men every two hours. 	I remained under the banyan tree"," exhausted by my daily ritual of herding the cats every two hours. 	StackExchange Network: http://writers.stackexchange.com/questions/6879 Author: Fortiter (http://writers.stackexchange.com/users/4332)	StackExchange Network: http://writers.stackexchange.com/questions/6879 Author: Lauren Ipsum (http://writers.stackexchange.com/users/553)",,,,,,,,
," it will depend on the school.	It really depends on the school and the program.	StackExchange Network: http://academia.stackexchange.com/questions/17697 Author: Kathy (http://academia.stackexchange.com/users/15364)	StackExchange Network: http://academia.stackexchange.com/questions/2100 Author: scientifics (http://academia.stackexchange.com/users/1081)",,,,,,,,,
,,,,,,,,,,
," but you might not be a professor.	StackExchange Network: http://workplace.stackexchange.com/questions/36856 Author: akton (http://workplace.stackexchange.com/users/5629)	StackExchange Network: http://academia.stackexchange.com/questions/23873 Author: Bill Barth (http://academia.stackexchange.com/users/11600)",,,,,,,,,
,,,,,,,,,,
," which is what you want.	You may want it"," but the process given to you is what you have to work within.	StackExchange Network: http://workplace.stackexchange.com/questions/9526 Author: pdr (http://workplace.stackexchange.com/users/759) Last Editor: pdr (http://workplace.stackexchange.com/users/759)	StackExchange Network: http://workplace.stackexchange.com/questions/13305 Author: Wesley Long (http://workplace.stackexchange.com/users/9264) Last Editor: Wesley Long (http://workplace.stackexchange.com/users/9264)",,,,,,,,
,,,,,,,,,,
,,,,,,,,,,
," because you're not paid to tell the boss what to do.	StackExchange Network: http://workplace.stackexchange.com/questions/34465 Author: David K (http://workplace.stackexchange.com/users/16983)	StackExchange Network: http://workplace.stackexchange.com/questions/4343 Author: user16803 (http://workplace.stackexchange.com/users/16803) Last Editor: Hugo Rocha (http://workplace.stackexchange.com/users/12796)",,,,,,,,,
," and what unmet demands you can live with.	StackExchange Network: http://writers.stackexchange.com/questions/12166 Author: Lexi (http://writers.stackexchange.com/users/2410)	StackExchange Network: http://workplace.stackexchange.com/questions/23782 Author: Vietnhi Phuvan (http://workplace.stackexchange.com/users/16993) Last Editor: Vietnhi Phuvan (http://workplace.stackexchange.com/users/16993)",,,,,,,,,
,,,,,,,,,,
," too.	Yes"," you can do it.	StackExchange Network: http://diy.stackexchange.com/questions/4321 Author: Jay Bazuzi (http://diy.stackexchange.com/users/80) [CommunityWiki]	StackExchange Network: http://cooking.stackexchange.com/questions/39347 Author: rumtscho (http://cooking.stackexchange.com/users/4638)",,,,,,,,
," too.	StackExchange Network: http://workplace.stackexchange.com/questions/5672 Author: amphibient (http://workplace.stackexchange.com/users/3298) Last Editor: amphibient (http://workplace.stackexchange.com/users/3298)	StackExchange Network: http://diy.stackexchange.com/questions/4321 Author: Jay Bazuzi (http://diy.stackexchange.com/users/80) [CommunityWiki]",,,,,,,,,
,,,,,,,,,,
,,,,,,,,,,
," and maybe move on to the insurance company.	StackExchange Network: http://diy.stackexchange.com/questions/48512 Author: Linger (http://diy.stackexchange.com/users/5590) Last Editor: Linger (http://diy.stackexchange.com/users/5590)	StackExchange Network: http://money.stackexchange.com/questions/33596 Author: mhoran_psprep (http://money.stackexchange.com/users/5414)",,,,,,,,,
," but the key is to speak up.	The key thing you need to do in this meeting is listen.	StackExchange Network: http://workplace.stackexchange.com/questions/35530 Author: Telastyn (http://workplace.stackexchange.com/users/2196)	StackExchange Network: http://workplace.stackexchange.com/questions/35897 Author: Quirk (http://workplace.stackexchange.com/users/29197)",,,,,,,,,
,,,,,,,,,,
,,,,,,,,,,
," which is what you want.	It depends on what you want to do next"," and where you want to do it.	StackExchange Network: http://workplace.stackexchange.com/questions/9526 Author: pdr (http://workplace.stackexchange.com/users/759) Last Editor: pdr (http://workplace.stackexchange.com/users/759)	StackExchange Network: http://academia.stackexchange.com/questions/26950 Author: Dylan Richard Muir (http://academia.stackexchange.com/users/19984)",,,,,,,,
,,,,,,,,,,
,,,,,,,,,,
," I don't know the answer to your question.	StackExchange Network: http://health.stackexchange.com/questions/718 Author: Ninja Doc (http://health.stackexchange.com/users/83)	StackExchange Network: http://academia.stackexchange.com/questions/16319 Author: scaaahu (http://academia.stackexchange.com/users/546) Last Editor: scaaahu (http://academia.stackexchange.com/users/546)",,,,,,,,,
," throw it out!	StackExchange Network: http://cooking.stackexchange.com/questions/34086 Author: user36870 (http://cooking.stackexchange.com/users/36870)	StackExchange Network: http://cooking.stackexchange.com/questions/28293 Author: Elizabeth Rall (http://cooking.stackexchange.com/users/37246) Last Editor: eirikdaude (http://cooking.stackexchange.com/users/34394)",,,,,,,,,
,,,,,,,,,,
," it's probably a good idea to renew your passport.	It's a good idea.	StackExchange Network: http://travel.stackexchange.com/questions/30464 Author: Greg Hewgill (http://travel.stackexchange.com/users/2363)	StackExchange Network: http://academia.stackexchange.com/questions/41774 Author: Johanna (http://academia.stackexchange.com/users/27327)",,,,,,,,,
,,,,,,,,,,
,,,,,,,,,,
,,,,,,,,,,
," there is a reason for it.	Yes"," that is exactly what it means.	StackExchange Network: http://movies.stackexchange.com/questions/9259 Author: Ankit Sharma (http://movies.stackexchange.com/users/1190)	StackExchange Network: http://money.stackexchange.com/questions/33298 Author: Benjamin Chambers (http://money.stackexchange.com/users/1739)",,,,,,,,
,,,,,,,,,,
,,,,,,,,,,
,,,,,,,,,,
,,,,,,,,,,
,,,,,,,,,,
,,,,,,,,,,
," as the coffee is acidic.	One idea is cleaning the coffee residue from the coffee pot.	StackExchange Network: http://cooking.stackexchange.com/questions/46264 Author: Mitch B (http://cooking.stackexchange.com/users/26481) Last Editor: Jolenealaska (http://cooking.stackexchange.com/users/20183)	StackExchange Network: http://cooking.stackexchange.com/questions/5689 Author: Rick G (http://cooking.stackexchange.com/users/1319)",,,,,,,,,
,,,,,,,,,,
,,,,,,,,,,
,,,,,,,,,,
," which is what you want.	They can"," but the way to do it depends on what you have available.	StackExchange Network: http://workplace.stackexchange.com/questions/9526 Author: pdr (http://workplace.stackexchange.com/users/759) Last Editor: pdr (http://workplace.stackexchange.com/users/759)	StackExchange Network: http://workplace.stackexchange.com/questions/37255 Author: Jon Story (http://workplace.stackexchange.com/users/28766)",,,,,,,,
," you should mention your experience.	Yes"," you should mention it.	StackExchange Network: http://workplace.stackexchange.com/questions/36858 Author: Jeanne Boyarsky (http://workplace.stackexchange.com/users/1512)	StackExchange Network: http://workplace.stackexchange.com/questions/50640 Author: user1108 (http://workplace.stackexchange.com/users/27483)",,,,,,,,
,,,,,,,,,,
,,,,,,,,,,
,,,,,,,,,,
,,,,,,,,,,
,,,,,,,,,,
," but I'd like to add a map for Switzerland:	You have a lot of answers already"," but I'd like to add Curries as another solutions.	StackExchange Network: http://travel.stackexchange.com/questions/43290 Author: RoflcoptrException (http://travel.stackexchange.com/users/693)	StackExchange Network: http://cooking.stackexchange.com/questions/58988 Author: Sarumanatee (http://cooking.stackexchange.com/users/26214)",,,,,,,,
,,,,,,,,,,
,,,,,,,,,,
,,,,,,,,,,
,,,,,,,,,,
," and where you want to do it.	In other words", it depends on where you go," when you do there and how.	StackExchange Network: http://academia.stackexchange.com/questions/26950 Author: Dylan Richard Muir (http://academia.stackexchange.com/users/19984)	StackExchange Network: http://travel.stackexchange.com/questions/17433 Author: Itai (http://travel.stackexchange.com/users/4801)",,,,,,,
," you should create a portfolio site to showcase what you can do and what you've done.	StackExchange Network: http://writers.stackexchange.com/questions/12166 Author: Lexi (http://writers.stackexchange.com/users/2410)	StackExchange Network: http://workplace.stackexchange.com/questions/1962 Author: Spoike (http://workplace.stackexchange.com/users/865) Last Editor: Spoike (http://workplace.stackexchange.com/users/865)",,,,,,,,,
,,,,,,,,,,
," and where you want to do it.	I guess it depends on what you're going to do.	StackExchange Network: http://academia.stackexchange.com/questions/26950 Author: Dylan Richard Muir (http://academia.stackexchange.com/users/19984)	StackExchange Network: http://music.stackexchange.com/questions/22006 Author: kamauz (http://music.stackexchange.com/users/12469)",,,,,,,,,
," which is what you want.	It is his job to see that you have what you need to do your job.	StackExchange Network: http://workplace.stackexchange.com/questions/9526 Author: pdr (http://workplace.stackexchange.com/users/759) Last Editor: pdr (http://workplace.stackexchange.com/users/759)	StackExchange Network: http://workplace.stackexchange.com/questions/2225 Author: HLGEM (http://workplace.stackexchange.com/users/93)",,,,,,,,,
," and where you want to do it.	It depends on what you want to achieve.	StackExchange Network: http://academia.stackexchange.com/questions/26950 Author: Dylan Richard Muir (http://academia.stackexchange.com/users/19984)	StackExchange Network: http://music.stackexchange.com/questions/22983 Author: S Vilcans (http://music.stackexchange.com/users/8755)",,,,,,,,,
,,,,,,,,,,
,,,,,,,,,,
,,,,,,,,,,
,,,,,,,,,,
,,,,,,,,,,
,,,,,,,,,,
,,,,,,,,,,
," and how.	StackExchange Network: http://workplace.stackexchange.com/questions/15515 Author: Meredith Poor (http://workplace.stackexchange.com/users/9517)	StackExchange Network: http://academia.stackexchange.com/questions/9140 Author: Ana (http://academia.stackexchange.com/users/322) Last Editor: Ana (http://academia.stackexchange.com/users/322)",,,,,,,,,
,,,,,,,,,,
,,,,,,,,,,
," which is what you want.	Th answer to you problem is that you dont actually know what you're getting in .	StackExchange Network: http://workplace.stackexchange.com/questions/9526 Author: pdr (http://workplace.stackexchange.com/users/759) Last Editor: pdr (http://workplace.stackexchange.com/users/759)	StackExchange Network: http://fitness.stackexchange.com/questions/15109 Author: sam (http://fitness.stackexchange.com/users/7622)",,,,,,,,,
,,,,,,,,,,
," and do the best you can.	StackExchange Network: http://music.stackexchange.com/questions/106 Author: Tangurena (http://music.stackexchange.com/users/47)	StackExchange Network: http://workplace.stackexchange.com/questions/44542 Author: Sam (http://workplace.stackexchange.com/users/34355)",,,,,,,,,
,,,,,,,,,,
,,,,,,,,,,
,,,,,,,,,,
,,,,,,,,,,
,,,,,,,,,,
," but:	This is a part answer to your question	StackExchange Network: http://writers.stackexchange.com/questions/15914 Author: what (http://writers.stackexchange.com/users/5645) Last Editor: what (http://writers.stackexchange.com/users/5645)	StackExchange Network: http://history.stackexchange.com/questions/9835 Author: user3436 (No OwnerUserId. Deleted?)",,,,,,,,,
,,,,,,,,,,
,,,,,,,,,,
," too.	You can still use it for practice.	StackExchange Network: http://workplace.stackexchange.com/questions/15270 Author: Wesley Long (http://workplace.stackexchange.com/users/9264) Last Editor: Wesley Long (http://workplace.stackexchange.com/users/9264)	StackExchange Network: http://workplace.stackexchange.com/questions/7324 Author: John Neuhaus (http://workplace.stackexchange.com/users/18273)",,,,,,,,,
,,,,,,,,,,
,,,,,,,,,,
,,,,,,,,,,
," and where you want to do it.	It depends on what you want to be able to do.	StackExchange Network: http://academia.stackexchange.com/questions/26950 Author: Dylan Richard Muir (http://academia.stackexchange.com/users/19984)	StackExchange Network: http://fitness.stackexchange.com/questions/10193 Author: Grohlier (http://fitness.stackexchange.com/users/3865)",,,,,,,,,
," you have to file a tax return in Canada.	You are not required to file a tax return in Canada if you have no taxable income.	StackExchange Network: http://money.stackexchange.com/questions/60 Author: Allan Madan (No OwnerUserId. Deleted?) Last Editor: Chris W. Rea (http://money.stackexchange.com/users/3)	StackExchange Network: http://money.stackexchange.com/questions/60 Author: Eric (http://money.stackexchange.com/users/4839) Last Editor: Chris W. Rea (http://money.stackexchange.com/users/3)",,,,,,,,,
,,,,,,,,,,
," they get the picture.	StackExchange Network: http://movies.stackexchange.com/questions/24448 Author: 1408 (http://movies.stackexchange.com/users/14075) Last Editor: Walt (http://movies.stackexchange.com/users/4386)	StackExchange Network: http://workplace.stackexchange.com/questions/5788 Author: JeffO (http://workplace.stackexchange.com/users/8365) Last Editor: JeffO (http://workplace.stackexchange.com/users/8365)",,,,,,,,,
,,,,,,,,,,
,,,,,,,,,,
," which is what you want.	You have to do what is right for you.	StackExchange Network: http://workplace.stackexchange.com/questions/9526 Author: pdr (http://workplace.stackexchange.com/users/759) Last Editor: pdr (http://workplace.stackexchange.com/users/759)	StackExchange Network: http://workplace.stackexchange.com/questions/47580 Author: Lawrence Aiello (http://workplace.stackexchange.com/users/29077)",,,,,,,,,
," I don't have any questions at the moment.""	StackExchange Network: http://academia.stackexchange.com/questions/15982 Author: anon (http://academia.stackexchange.com/users/10739)	StackExchange Network: http://academia.stackexchange.com/questions/36705 Author: Brian Borchers (http://academia.stackexchange.com/users/4453)",,,,,,,,,
,,,,,,,,,,
,,,,,,,,,,
,,,,,,,,,,
," it makes no difference.	StackExchange Network: http://diy.stackexchange.com/questions/47318 Author: Speedy Petey (http://diy.stackexchange.com/users/19875)	StackExchange Network: http://travel.stackexchange.com/questions/26272 Author: jpatokal (http://travel.stackexchange.com/users/1893) Last Editor: jpatokal (http://travel.stackexchange.com/users/1893)",,,,,,,,,
,,,,,,,,,,
," here: You don't.	StackExchange Network: http://music.stackexchange.com/questions/11187 Author: Matthew Read (http://music.stackexchange.com/users/28)	StackExchange Network: http://money.stackexchange.com/questions/16237 Author: gef05 (http://money.stackexchange.com/users/2124)",,,,,,,,,
," which is what you want.	Yes"," you can do exactly what you want to do.	StackExchange Network: http://workplace.stackexchange.com/questions/9526 Author: pdr (http://workplace.stackexchange.com/users/759) Last Editor: pdr (http://workplace.stackexchange.com/users/759)	StackExchange Network: http://diy.stackexchange.com/questions/39460 Author: Eric Gunnerson (http://diy.stackexchange.com/users/7607)",,,,,,,,
,,,,,,,,,,
,,,,,,,,,,
,,,,,,,,,,
,,,,,,,,,,
,,,,,,,,,,
,,,,,,,,,,
,,,,,,,,,,
,,,,,,,,,,
," I believe it's a good idea.	StackExchange Network: http://movies.stackexchange.com/questions/12815 Author: Ankit (http://movies.stackexchange.com/users/301)	StackExchange Network: http://academia.stackexchange.com/questions/47063 Author: Penguin_Knight (http://academia.stackexchange.com/users/6450)",,,,,,,,,
," don't do it at all.	If not"," don't do that and spend that time with something you like to do.	StackExchange Network: http://workplace.stackexchange.com/questions/107 Author: Adrian (http://workplace.stackexchange.com/users/25) Last Editor: Adrian (http://workplace.stackexchange.com/users/25)	StackExchange Network: http://productivity.stackexchange.com/questions/2674 Author: srnka (http://productivity.stackexchange.com/users/1665)",,,,,,,,
,,,,,,,,,,
," don't do it at all.	If you do not have a very strong scientific reason to do it"," don't.	StackExchange Network: http://workplace.stackexchange.com/questions/107 Author: Adrian (http://workplace.stackexchange.com/users/25) Last Editor: Adrian (http://workplace.stackexchange.com/users/25)	StackExchange Network: http://academia.stackexchange.com/questions/8640 Author: Peter Jansson (http://academia.stackexchange.com/users/4394)",,,,,,,,
,,,,,,,,,,
," but it wouldn't be advised.	Personally"," I would say not unless it suits you.	StackExchange Network: http://cooking.stackexchange.com/questions/20809 Author: dahbearz (http://cooking.stackexchange.com/users/8884)	StackExchange Network: http://academia.stackexchange.com/questions/10843 Author: Chris H (http://academia.stackexchange.com/users/8494)",,,,,,,,
,,,,,,,,,,
," I've  done this very trip.	I've done this many dozens of times.	StackExchange Network: http://travel.stackexchange.com/questions/19539 Author: Mark Mayo (http://travel.stackexchange.com/users/101)	StackExchange Network: http://workplace.stackexchange.com/questions/32521 Author: user987654 (http://workplace.stackexchange.com/users/15811)",,,,,,,,,
," too.	You can do it"," too.	StackExchange Network: http://workplace.stackexchange.com/questions/15270 Author: Wesley Long (http://workplace.stackexchange.com/users/9264) Last Editor: Wesley Long (http://workplace.stackexchange.com/users/9264)	StackExchange Network: http://diy.stackexchange.com/questions/4321 Author: Jay Bazuzi (http://diy.stackexchange.com/users/80) [CommunityWiki]",,,,,,,,
,,,,,,,,,,
,,,,,,,,,,
," but it wouldn't be advised.	I would say it is impossible to know"," so don't risk it.	StackExchange Network: http://cooking.stackexchange.com/questions/20809 Author: dahbearz (http://cooking.stackexchange.com/users/8884)	StackExchange Network: http://cooking.stackexchange.com/questions/40813 Author: kippford (http://cooking.stackexchange.com/users/22272) Last Editor: KatieK (http://cooking.stackexchange.com/users/1685)",,,,,,,,
,,,,,,,,,,
," don't do it at all.	You don't"," it will not work.	StackExchange Network: http://workplace.stackexchange.com/questions/107 Author: Adrian (http://workplace.stackexchange.com/users/25) Last Editor: Adrian (http://workplace.stackexchange.com/users/25)	StackExchange Network: http://cooking.stackexchange.com/questions/25328 Author: klypos (http://cooking.stackexchange.com/users/5885)",,,,,,,,
,,,,,,,,,,
,,,,,,,,,,
,,,,,,,,,,
,,,,,,,,,,
,,,,,,,,,,
,,,,,,,,,,
,,,,,,,,,,
," you don't have to worry.	StackExchange Network: http://pets.stackexchange.com/questions/6824 Author: Delusion (http://pets.stackexchange.com/users/3783)	StackExchange Network: http://travel.stackexchange.com/questions/17382 Author: user141 (No OwnerUserId. Deleted?)",,,,,,,,,
,,,,,,,,,,
,,,,,,,,,,
,,,,,,,,,,
,,,,,,,,,,
,,,,,,,,,,
," which is what you want.	Remember this is your degree we are talking about"," its up to you what you want to do.	StackExchange Network: http://workplace.stackexchange.com/questions/9526 Author: pdr (http://workplace.stackexchange.com/users/759) Last Editor: pdr (http://workplace.stackexchange.com/users/759)	StackExchange Network: http://academia.stackexchange.com/questions/43207 Author: Dan (http://academia.stackexchange.com/users/32830)",,,,,,,,
,,,,,,,,,,
,,,,,,,,,,
,,,,,,,,,,
,,,,,,,,,,
," not your supervisor's.	Work with your supervisor and your team to solve the problem.	StackExchange Network: http://academia.stackexchange.com/questions/5839 Author: EnergyNumbers (http://academia.stackexchange.com/users/96) Last Editor: EnergyNumbers (http://academia.stackexchange.com/users/96)	StackExchange Network: http://workplace.stackexchange.com/questions/16644 Author: jmort253 (http://workplace.stackexchange.com/users/98)",,,,,,,,,
," and where you want to do it.	It's up to you what you want to do next.	StackExchange Network: http://academia.stackexchange.com/questions/26950 Author: Dylan Richard Muir (http://academia.stackexchange.com/users/19984)	StackExchange Network: http://workplace.stackexchange.com/questions/33832 Author: Vietnhi Phuvan (http://workplace.stackexchange.com/users/16993)",,,,,,,,,
,,,,,,,,,,
,,,,,,,,,,
," it's just worn out.	It's just worn out and not safe.	StackExchange Network: http://diy.stackexchange.com/questions/6602 Author: Dean J (http://diy.stackexchange.com/users/2778)	StackExchange Network: http://diy.stackexchange.com/questions/54121 Author: fred (http://diy.stackexchange.com/users/28280)",,,,,,,,,
," I wouldn't put it on my cv.	I wouldn't put this job on my resume.	StackExchange Network: http://academia.stackexchange.com/questions/38874 Author: Phil (http://academia.stackexchange.com/users/19988)	StackExchange Network: http://workplace.stackexchange.com/questions/31150 Author: Florian.C (http://workplace.stackexchange.com/users/25282)",,,,,,,,,
,,,,,,,,,,
,,,,,,,,,,
," there is a reason to not do what you propose.	Valid reasons to feel the way you do"," but not a reason to resign.	StackExchange Network: http://money.stackexchange.com/questions/43032 Author: dg99 (http://money.stackexchange.com/users/7926)	StackExchange Network: http://workplace.stackexchange.com/questions/6754 Author: Stephen (http://workplace.stackexchange.com/users/4808)",,,,,,,,
,,,,,,,,,,
," CAN you do this?	StackExchange Network: http://diy.stackexchange.com/questions/59073 Author: Speedy Petey (http://diy.stackexchange.com/users/19875)	StackExchange Network: http://diy.stackexchange.com/questions/29105 Author: user558 (No OwnerUserId. Deleted?) Last Editor: user558 (No LastEditorUserId. Deleted?)",,,,,,,,,
,,,,,,,,,,
,,,,,,,,,,
," and your goals.	You may want it"," but the process given to you is what you have to work within.	StackExchange Network: http://fitness.stackexchange.com/questions/6844 Author: Berin Loritsch (http://fitness.stackexchange.com/users/879) Last Editor: Berin Loritsch (http://fitness.stackexchange.com/users/879)	StackExchange Network: http://workplace.stackexchange.com/questions/13305 Author: Wesley Long (http://workplace.stackexchange.com/users/9264) Last Editor: Wesley Long (http://workplace.stackexchange.com/users/9264)",,,,,,,,
,,,,,,,,,,
,,,,,,,,,,
,,,,,,,,,,
," the faster you will burn calories and fat.	StackExchange Network: http://fitness.stackexchange.com/questions/5687 Author: Berin Loritsch (http://fitness.stackexchange.com/users/879)	StackExchange Network: http://fitness.stackexchange.com/questions/5095 Author: Ross (http://fitness.stackexchange.com/users/181) Last Editor: Dave Liepmann (http://fitness.stackexchange.com/users/1771)",,,,,,,,,
," and where you want to do it.	It depends on what you want to say/imply.	StackExchange Network: http://academia.stackexchange.com/questions/26950 Author: Dylan Richard Muir (http://academia.stackexchange.com/users/19984)	StackExchange Network: http://writers.stackexchange.com/questions/2280 Author: Craig Sefton (http://writers.stackexchange.com/users/1624)",,,,,,,,,
,,,,,,,,,,
,,,,,,,,,,
,,,,,,,,,,
," there is a chemical difference.	Yes"," there is a reason for it.	StackExchange Network: http://cooking.stackexchange.com/questions/50493 Author: Stephie (http://cooking.stackexchange.com/users/28879)	StackExchange Network: http://movies.stackexchange.com/questions/9259 Author: Ankit Sharma (http://movies.stackexchange.com/users/1190)",,,,,,,,
," but flat is important.	Yes"," although they can be a bit sour.	StackExchange Network: http://diy.stackexchange.com/questions/16641 Author: BMitch (http://diy.stackexchange.com/users/2196)	StackExchange Network: http://outdoors.stackexchange.com/questions/1294 Author: OracleOfNJ (http://outdoors.stackexchange.com/users/402)",,,,,,,,
,,,,,,,,,,
,,,,,,,,,,
," you should.	You should"," but you don't have to.	StackExchange Network: http://workplace.stackexchange.com/questions/40223 Author: tomjedrz (http://workplace.stackexchange.com/users/544) Last Editor: tomjedrz (http://workplace.stackexchange.com/users/544)	StackExchange Network: http://travel.stackexchange.com/questions/21570 Author: Stefan Birkner (http://travel.stackexchange.com/users/1700)",,,,,,,,
,,,,,,,,,,
,,,,,,,,,,
,,,,,,,,,,
, the system doesn't account for people who could care less about money," or title.	The Joker doesn't care about money.	StackExchange Network: http://academia.stackexchange.com/questions/8145 Author: user29026 (http://academia.stackexchange.com/users/29026)	StackExchange Network: http://movies.stackexchange.com/questions/12843 Author: TylerShads (http://movies.stackexchange.com/users/130) Last Editor: TylerShads (http://movies.stackexchange.com/users/130)",,,,,,,,
," I think you don't need it.	So I don't think you need to put it on the cover.	StackExchange Network: http://writers.stackexchange.com/questions/10368 Author: Driss Zouak (http://writers.stackexchange.com/users/7897)	StackExchange Network: http://writers.stackexchange.com/questions/3799 Author: Lauren Ipsum (http://writers.stackexchange.com/users/553)",,,,,,,,,
, if not impossible," to give a complete answer to this question.	StackExchange Network: http://fitness.stackexchange.com/questions/21040 Author: Dave Liepmann (http://fitness.stackexchange.com/users/1771)	StackExchange Network: http://workplace.stackexchange.com/questions/4343 Author: Sklivvz (http://workplace.stackexchange.com/users/609)",,,,,,,,
,,,,,,,,,,
,,,,,,,,,,
," you do not NEED a bread machine.	You do not need to worry.	StackExchange Network: http://cooking.stackexchange.com/questions/5406 Author: Juju (http://cooking.stackexchange.com/users/2239)	StackExchange Network: http://academia.stackexchange.com/questions/40376 Author: Michael (http://academia.stackexchange.com/users/22213)",,,,,,,,,
," it is possible to publish a paper on model analysis.	Yes"," it is hard to publish in a peer reviewed journal.	StackExchange Network: http://academia.stackexchange.com/questions/2162 Author: StrongBad (http://academia.stackexchange.com/users/929)	StackExchange Network: http://academia.stackexchange.com/questions/23681 Author: SoilSciGuy (http://academia.stackexchange.com/users/14547) Last Editor: SoilSciGuy (http://academia.stackexchange.com/users/14547)",,,,,,,,
," which is what you want.	So if that's what you need"," you really do have to be explicit about it.	StackExchange Network: http://workplace.stackexchange.com/questions/9526 Author: pdr (http://workplace.stackexchange.com/users/759) Last Editor: pdr (http://workplace.stackexchange.com/users/759)	StackExchange Network: http://workplace.stackexchange.com/questions/20149 Author: keshlam (http://workplace.stackexchange.com/users/12989)",,,,,,,,
," you should mention your experience.	Yes"," you should make a résumé.	StackExchange Network: http://workplace.stackexchange.com/questions/36858 Author: Jeanne Boyarsky (http://workplace.stackexchange.com/users/1512)	StackExchange Network: http://workplace.stackexchange.com/questions/36787 Author: Wesley Long (http://workplace.stackexchange.com/users/9264)",,,,,,,,
,,,,,,,,,,
,,,,,,,,,,
," there is a rule against this.	There's no rule against it.	StackExchange Network: http://sports.stackexchange.com/questions/413 Author: Mike Hedman (http://sports.stackexchange.com/users/36) Last Editor: Mike Hedman (http://sports.stackexchange.com/users/36)	StackExchange Network: http://travel.stackexchange.com/questions/48831 Author: Calchas (http://travel.stackexchange.com/users/29377)",,,,,,,,,
,,,,,,,,,,
,,,,,,,,,,
," then you will not need a transit visa.	You do not need a transit visa"," but to enter Zurich you will need a visa.	StackExchange Network: http://travel.stackexchange.com/questions/34677 Author: Aditya Somani (http://travel.stackexchange.com/users/12160)	StackExchange Network: http://travel.stackexchange.com/questions/38725 Author: Burhan Khalid (http://travel.stackexchange.com/users/1375)",,,,,,,,
,,,,,,,,,,
,,,,,,,,,,
,,,,,,,,,,
,,,,,,,,,,
,,,,,,,,,,
,,,,,,,,,,
,,,,,,,,,,
,,,,,,,,,,
,,,,,,,,,,
,,,,,,,,,,
,,,,,,,,,,
,,,,,,,,,,
," too.	Yes"," you can do it.	StackExchange Network: http://workplace.stackexchange.com/questions/15270 Author: Wesley Long (http://workplace.stackexchange.com/users/9264) Last Editor: Wesley Long (http://workplace.stackexchange.com/users/9264)	StackExchange Network: http://cooking.stackexchange.com/questions/39347 Author: rumtscho (http://cooking.stackexchange.com/users/4638)",,,,,,,,
,,,,,,,,,,
,,,,,,,,,,
,,,,,,,,,,
,,,,,,,,,,
,,,,,,,,,,
,,,,,,,,,,
,,,,,,,,,,
," it's not a good thing.	StackExchange Network: http://travel.stackexchange.com/questions/30679 Author: MikkaRin (http://travel.stackexchange.com/users/12032) Last Editor: Relaxed (http://travel.stackexchange.com/users/6669)	StackExchange Network: http://academia.stackexchange.com/questions/40569 Author: JP Janet (http://academia.stackexchange.com/users/28045)",,,,,,,,,
,,,,,,,,,,
," and where you want to do it.	You need to pick how and where you want to place your foot and do it.	StackExchange Network: http://academia.stackexchange.com/questions/26950 Author: Dylan Richard Muir (http://academia.stackexchange.com/users/19984)	StackExchange Network: http://outdoors.stackexchange.com/questions/6570 Author: Liam (http://outdoors.stackexchange.com/users/2766)",,,,,,,,,
,,,,,,,,,,
," you know what the answer is to your own question.	StackExchange Network: http://health.stackexchange.com/questions/718 Author: Ninja Doc (http://health.stackexchange.com/users/83)	StackExchange Network: http://workplace.stackexchange.com/questions/35036 Author: Vietnhi Phuvan (http://workplace.stackexchange.com/users/16993)",,,,,,,,,
," this question cannot be answered in its full generality.	This cannot be answered in general.	StackExchange Network: http://travel.stackexchange.com/questions/46906 Author: DCTLib (http://travel.stackexchange.com/users/9461) Last Editor: DCTLib (http://travel.stackexchange.com/users/9461)	StackExchange Network: http://academia.stackexchange.com/questions/10013 Author: luispedro (http://academia.stackexchange.com/users/166)",,,,,,,,,
,,,,,,,,,,
,,,,,,,,,,
,,,,,,,,,,
,,,,,,,,,,
,,,,,,,,,,
,,,,,,,,,,
,,,,,,,,,,
,,,,,,,,,,
,,,,,,,,,,
,,,,,,,,,,
,,,,,,,,,,
,,,,,,,,,,
,,,,,,,,,,
,,,,,,,,,,
,,,,,,,,,,
,,,,,,,,,,
," and where you want to do it.	It depends on what and where you are going to do.	StackExchange Network: http://academia.stackexchange.com/questions/26950 Author: Dylan Richard Muir (http://academia.stackexchange.com/users/19984)	StackExchange Network: http://travel.stackexchange.com/questions/26952 Author: sashkello (http://travel.stackexchange.com/users/6191) Last Editor: sashkello (http://travel.stackexchange.com/users/6191)",,,,,,,,,
,,,,,,,,,,
,,,,,,,,,,
,,,,,,,,,,
,,,,,,,,,,
," and where you want to do it.	They can"," but the way to do it depends on what you have available.	StackExchange Network: http://academia.stackexchange.com/questions/26950 Author: Dylan Richard Muir (http://academia.stackexchange.com/users/19984)	StackExchange Network: http://workplace.stackexchange.com/questions/37255 Author: Jon Story (http://workplace.stackexchange.com/users/28766)",,,,,,,,
,,,,,,,,,,
," it will depend on the school.	This will depend on the university.	StackExchange Network: http://academia.stackexchange.com/questions/17697 Author: Kathy (http://academia.stackexchange.com/users/15364)	StackExchange Network: http://academia.stackexchange.com/questions/37158 Author: Lembik (http://academia.stackexchange.com/users/11625)",,,,,,,,,
," it's an excellent idea.	StackExchange Network: http://travel.stackexchange.com/questions/30679 Author: MikkaRin (http://travel.stackexchange.com/users/12032) Last Editor: Relaxed (http://travel.stackexchange.com/users/6669)	StackExchange Network: http://academia.stackexchange.com/questions/30153 Author: jakebeal (http://academia.stackexchange.com/users/22733)",,,,,,,,,
,,,,,,,,,,
,,,,,,,,,,
,,,,,,,,,,
,,,,,,,,,,
," there is a reason to not do what you propose.	Yes"," there is a chemical difference.	StackExchange Network: http://money.stackexchange.com/questions/43032 Author: dg99 (http://money.stackexchange.com/users/7926)	StackExchange Network: http://cooking.stackexchange.com/questions/50493 Author: Stephie (http://cooking.stackexchange.com/users/28879)",,,,,,,,
," there is at least one to my knowledge.	To my knowledge"," there's no time requirement.	StackExchange Network: http://linguistics.stackexchange.com/questions/8369 Author: KleinePrins (http://linguistics.stackexchange.com/users/1754)	StackExchange Network: http://travel.stackexchange.com/questions/10956 Author: jdotjdot (http://travel.stackexchange.com/users/3330)",,,,,,,,
,,,,,,,,,,
,,,,,,,,,,
," you should make a résumé.	Yes"," you should talk to your professor.	StackExchange Network: http://workplace.stackexchange.com/questions/36787 Author: Wesley Long (http://workplace.stackexchange.com/users/9264)	StackExchange Network: http://academia.stackexchange.com/questions/34804 Author: Bob Brown (http://academia.stackexchange.com/users/16183)",,,,,,,,
,,,,,,,,,,
,,,,,,,,,,
,,,,,,,,,,
,,,,,,,,,,
,,,,,,,,,,
," but something to consider.	Not a real answer to your question"," but maybe it helps.	StackExchange Network: http://outdoors.stackexchange.com/questions/1791 Author: theUg (http://outdoors.stackexchange.com/users/617) Last Editor: Mr.Wizard (http://outdoors.stackexchange.com/users/133)	StackExchange Network: http://outdoors.stackexchange.com/questions/8974 Author: PieterN (http://outdoors.stackexchange.com/users/6480) Last Editor: PieterN (http://outdoors.stackexchange.com/users/6480)",,,,,,,,
,,,,,,,,,,
,,,,,,,,,,
," a PhD may be worthwhile for you.	StackExchange Network: http://travel.stackexchange.com/questions/18724 Author: Karlson (http://travel.stackexchange.com/users/1372)	StackExchange Network: http://academia.stackexchange.com/questions/37341 Author: Longdaysjourneyintocode (http://academia.stackexchange.com/users/28164)",,,,,,,,,
,,,,,,,,,,
,,,,,,,,,,
, Vivendi shares were 1.4 percent down at $18.29.,,,,,,,,,
, but gave no details.,,,,,,,,,
,,,,,,,,,,
, but withdrew that request when American Express pledged at least $3 million.,,,,,,,,,
, the first hurricane of the Atlantic storm season," hit the mid-Texas coast July 15 with 85-mph wind.	Claudette", the first hurricane of the Atlantic storm season, hit the mid-Texas coast July 15, classified as a Category 1 hurricane with maximum sustained winds of 85 mph.,,,,,
,,,,,,,,,,
, a view shared by many in Liberia and, in private," even by mediators.	His aides warn an abrupt departure could trigger more bloodshed", a view shared by many in Liberia.,,,,,,
," the Center said.	It is the first named storm to develop in the Caribbean in December.",,,,,,,,,
,,,,,,,,,,
, industry," government and the public.	The plan", called The NIH Roadmap, was developed over 14 months with help from more than 300 consultants in industry and academia.,,,,,,
,,,,,,,,,,
,,,,,,,,,,
," said Gilles W. Burger, State Board of Elections chairman.	We believe we are fully prepared to roll out the revised Diebold machines"," said Gilles W. Burger, chairman of the Maryland State Board of Elections.
main-news	MSRpar	2012test	0083	1.200	Analysts expected earnings of 27 cents a share on revenue of $17.7 billion, Thomson First Call says.	Hewlett-Packard is putting in for a second-quarter profit of $659 million, or 29 cents a share, on revenue of $18 billion.
main-news	MSRpar	2012test	0085	3.800	Another was in serious condition at Northwest Medical Center in Springdale.	At Northwest Medical Center of Washington County in Springdale, one child is in serious condition.
main-news	MSRpar	2012test	0087	3.400	Sean Harrigan, president of the California Public Employees' Retirement System, also suggested paring down the NYSE's 27-member board, changing its composition and making it more accountable.	Sean Harrigan, president of the California Public Employees' Retirement System, also suggested paring the NYSE's 27-member board and allotting more seats to investors outside the securities industry.
main-news	MSRpar	2012test	0091	3.200	The Swedish central bank was also meeting on Wednesday and widely expected to announce a cut on Thursday.	The Swedish central bank, also meeting on Wednesday, is widely expected to announce a cut on Thursday of as much as half a percentage point.
main-news	MSRpar	2012test	0094	3.600	His 1996 Chevrolet Tahoe was found abandoned in a Virginia Beach, Va., parking lot June 25.	His sport utility vehicle was found June 25, abandoned without its license plates in Virginia Beach, Va.
main-news	MSRpar	2012test	0096	3.000	Heatley was sixth in the league in goals last season with 41 and ninth in points with 89.	Heatley led Atlanta in scoring last season with a team-record 41 goals and 48 assists.
main-news	MSRpar	2012test	0099	1.600	Tony's not feeling well"," Spurs coach Gregg Popovich said.	We're thrilled to be up 3-2,'' Coach Gregg Popovich said Wednesday.
main-news	MSRpar	2012test	0100	3.200	Electronic Data Systems Corp. Thursday said the Securities and Exchange Commission has asked the company for documents related to its large contract with the U.S. Navy.	In a regulatory filing, EDS said the SEC had asked for information related to its troubled IT outsourcing contract with the US Navy.
main-news	MSRpar	2012test	0105	3.800	As well as the dolphin scheme, the chaos has allowed foreign companies to engage in damaging logging and fishing operations without proper monitoring or export controls.	Internal chaos has allowed foreign companies to set up damaging commercial logging and fishing operations without proper monitoring or export controls.
main-news	MSRpar	2012test	0108	4.200	The next court session will be when the three-judge tribunal announces its verdict in mid-February.	The court's three-judge tribunal was expected to give its verdict next February.
main-news	MSRpar	2012test	0110	3.000	The consensus among Wall Street analysts was for a loss of 28 cents a share.	Analysts surveyed by First Call were expecting sales of $723 million and a loss of 28 cents a share.
main-news	MSRpar	2012test	0127	4.000	The civilian unemployment rate improved marginally last month -- slipping to 6.1 percent -- even as companies slashed payrolls by 93,000.	The civilian unemployment rate improved marginally last month _ sliding down to 6.1 percent _ as companies slashed payrolls by 93,000 amid continuing mixed signals about the nation's economic health.
main-news	MSRpar	2012test	0128	4.750	Moffitt said the results need to be replicated in another study before testing of individuals for presence of the long or short versions of the gene will be pursued.	Professor Moffitt said the results needed to be replicated before pursuing testing of individuals for the presence of the long or short versions of the gene.
main-news	MSRpar	2012test	0131	3.533	The compensation committee will prohibit securities industry directors from sitting on it.	The exchange also said its five-person compensation committee will consist only of directors from outside the securities industry.
main-news	MSRpar	2012test	0134	1.250	Q: Can I buy coverage for prescription drugs right away?	Congress has added a new benefit - an option to buy insurance coverage for prescription drugs.
main-news	MSRpar	2012test	0137	4.000	Shares of Mandalay closed down eight cents to $29.42, before the earnings were announced.	Shares of Mandalay closed down 8 cents at $29.42 Thursday.
main-news	MSRpar	2012test	0150	3.000	In 1999, the building's owners, the Port Authority of New York and New Jersey, issued guidelines to upgrade the fireproofing to a thickness of 1{ inches.	The NIST discovered that in 1999 the Port Authority issued guidelines to upgrade the fireproofing to a thickness of 1 1/2 inches.
main-news	MSRpar	2012test	0165	2.600	The dollar was last at $1.1149 to the euro, close to its strongest level since April 30.	The dollar pushed as high as $1.1115 to the euro in early trade, extending Tuesday's one percent rally to hit its strongest level since April 30.
main-news	MSRpar	2012test	0173	3.500	The single currency rose as far as 135.13 yen , matching a record high hit shortly after the euro's launch in January 1999.	The single currency rose as far as 135.26 yen , its highest level since the introduction of the single currency in January 1999.
main-news	MSRpar	2012test	0174	1.500	A New Castle County woman has become the first Delaware patient to contract the West Nile virus this year, the state's Department of Health reported.	A 62-year-old West Babylon man has contracted the West Nile virus, the first human case in Suffolk County this year, according to the county health department.
main-news	MSRpar	2012test	0176	2.000	He also reaffirmed his wish to resolve the North Korean nuclear crisis peacefully.	But the North Korean nuclear crisis has dominated his time in office.
main-news	MSRpar	2012test	0181	3.500	A rebel who was captured said more than 2,000 insurgents were involved in the attack.	A captured rebel said 2,100 combatants had been involved in the offensive.
main-news	MSRpar	2012test	0187	3.000	Kyi, a U.N. envoy says, as Japan adds to growing international pressure by saying it will halt its hefty economic aid unless Suu Kyi is freed.	JAPAN added to growing international pressure on Burma yesterday, threatening to halt its hefty economic aid unless the military government released pro-democracy leader Aung San Suu Kyi.
main-news	MSRpar	2012test	0191	4.750	Wal-Mart, Kohl's Corp., Family Dollar Stores Inc., and Big Lots Inc. were among the merchants posting May sales that fell below Wall Street's modest expectations.	Wal- Mart, Kohl's Corp., Family Dollar Stores Inc., and Big Lots Inc. posted May sales that fell below Wall Street's modest expectations.
main-news	MSRpar	2012test	0194	3.400	Mr Eddington warned yesterday that the future of the airline was in the hands of the negotiators"".	""The future of BA is in the hands of the negotiators"," Eddington told British Broadcasting Corp. television on Sunday.
main-news	MSRpar	2012test	0196	3.400	Both of these kids are in wonderful physical condition right now"," he said during a press briefing at the hospital.	Both of these kids are in wonderful physical condition right now"," said Goodrich, also director of pediatric neurosurgery at the Children's Hospital at Montefiore.
main-news	MSRpar	2012test	0206	4.250	On the cell's surface, the foreign components are recognised by other cells that then realise it is infected and kill it.	The foreign bits are recognized by other cells that realize it is infected and kill it.
main-news	MSRpar	2012test	0214	3.800	Trading in Loral was halted yesterday; the shares closed on Monday at $3.01.	The New York Stock Exchange suspended trading yesterday in Loral, which closed at $3.01 Friday.
main-news	MSRpar	2012test	0220	3.000	Knox County Health Department is following national Centers for Disease Control and Prevention Protocol to contain infection.	The health department spokesperson added the department is following Centers for Disease Control protocol.
main-news	MSRpar	2012test	0226	3.000	Schools Chancellor Joel Klein said the push for higher standards and accountability is showing results.""	Schools Chancellor Joel Klein said he was pleased by the results.",,,,
,,,,,,,,,,
,,,,,,,,,,
," a British study of more than a million women has found.	A major British study has added to the evidence that hormone replacement therapy increases the risk of breast cancer", especially when women receive a combination of estrogen and progestin.,,,,,,,,
," the second day of the Ministerial Conference and Expo on Agricultural Science and Technology.	U.S. Agriculture Secretary Ann Veneman kicks off the three-day Ministerial Conference and Expo on Agricultural Science and Technology on Monday.",,,,,,,,,
, shares closed up 29 cents, or 0.54 percent," at $54.32.	Amazon's shares yesterday closed at $54.32 on the Nasdaq Stock Market", up 29 cents.,,,,,,
,,,,,,,,,,
, and following the spinoff of PalmSource, Palm will exchange 0.09 shares for each share of Handspring.,,,,,,,,
, based in Socorro," New Mexico.	The rock was first observed by the Lincoln Near Earth Asteroid Research Program", also known as LINEAR.,,,,,,,
,,,,,,,,,,
," Bush said, adding that the United States will find the killers.	These despicable acts were committed by killers whose only faith is hate and the United States will find the killers and they will learn the meaning of American justice.
main-news	MSRpar	2012test	0303	4.600	There are a total of 659 women enrolled at the academy, the report said.	There were 659 women enrolled at the academy at the time of the survey.
main-news	MSRpar	2012test	0304	3.250	It is a national concern that will touch virtually every American, Abraham said.	The impact of natural-gas shortages ""will touch virtually every American"," Energy Secretary Spencer Abraham warned yesterday.
main-news	MSRpar	2012test	0306	1.333	In the United States, 20.7 percent of all women smoke.	Nevada is where the most women smoke, 28 percent.
main-news	MSRpar	2012test	0312	2.500	It has a margin of error of plus or minus 4 percentage points.	That poll had 712 likely voters and sampling error of plus or minus 3.7 percentage points.
main-news	MSRpar	2012test	0316	3.250	Shares of MONY were gaining $2.57, or 9%, to $31.90 in after-hours trading on Instinet.	MONY shares rose 8.76 per cent to $31.90 in after-hours trading in New York.
main-news	MSRpar	2012test	0320	3.000	Diana was at her lowest ebb when she wrote the letter to Paul Burrell claiming there was a plot to kill her.	Burrell said Diana wrote a letter in October 1996 claiming there was a plot to kill her in a smash and gave it to him to keep as insurance.
main-news	MSRpar	2012test	0325	3.600	Gillespie sent a letter to CBS President Leslie Moonves asking for a historical review or a disclaimer.	Republican National Committee Chairman Ed Gillespie issued a letter Friday to CBS Television President Leslie Moonves.
main-news	MSRpar	2012test	0342	2.200	Let's show we won't let them off"," said Marc Blondel, leader of the Force Ouvriere union.	The movement to defend pensions is gaining momentum", and we won't give up," said Marc Blondel, leader of the Force Ouvriere union.
main-news	MSRpar	2012test	0343	4.800	Contrary to what PeopleSoft management would have you believe, Oracle intends to fully support PeopleSoft customers and products for many years to come.	Ellison said that contrary to the contentions of PeopleSoft management"," Oracle intends to ""fully support PeopleSoft customers and products"" for many years to come.",,,,
," bounty hunting is considered a form of kidnapping.	Bounty hunting is illegal in Mexico", and the bounty hunter was charged with kidnapping.,,,,,,,,
, but the announcement was made Friday at the International Broadcasting Convention in Amsterdam.,,,,,,,,,
, the Web site said.,,,,,,,,,
, a unit of Reuters Group Plc, on average forecast profit of $1.69 per share.,,,,,,,,
," hyperthermia and suffocation.	Two more died later", and initial autopsy reports show they succumbed to dehydration, hypothermia and suffocation.,,,,,,,
,,,,,,,,,,
," up just 0.4 percent).	HP fell to second place with server sales growing 0.4 percent to $2.9 billion.",,,,,,,,,
, officials said.,,,,,,,,,
, or breakeven," on $1.39 billion in revenue during the same period last year.	Total revenue for the second quarter was $1.48 billion", up 7% from $1.39 billion in the same period last year.,,,,,,,
, leaving two dead as a popular uprising against the President spread.,,,,,,,,,
, scanner," and copier for $89.	Dell's Personal All-in-One A920 is an entry-level device that combines printer", scanner and copier functions for $89.,,,,,,,
, the family knew it was an uneven match," Meyers said.	But in the first 30 seconds of the bout", family members knew it was an uneven match, Jodie Meyers, Stacy Young's sister, said.,,,,
," but officials quarantined 70 people who had contact with the Taiwanese patient.	Still", Singapore quarantined 70 people who had been in close contact with the scientist.,,,,,,,,
, the Skagit River was expected to crest at 36 feet -- 8 feet above flood stage -- tonight," Burke said.	The Skagit was expected to crest during the night at 38 feet at Mount Vernon", 10 feet above flood stage, the National Weather Service said.,,,,,,
, the Dow declined 5.25, or 0.1 percent, at 8,983.8," having shed 2.3 percent last week.	In early trading", the Dow Jones industrial average was down 39.94, or 0.4 percent, at 8,945.5, having slipped 3.61 points Monday.
," a college town about 30 miles to the north.	The injured were taken to hospitals in Jefferson City and Columbia", about 48km north; their conditions were not immediately available.,,,,,,,,
," up 0.1 percent.	Against the Swiss franc the dollar was at 1.3289 francs", up 0.5 percent on the day.,,,,,,,,
, Rehnquist's majority opinion was joined by Justices David Souter, Ruth Bader Ginsburg," and Stephen Breyer.	Joining him in the majority opinion were Justices Sandra Day O'Connor", David H. Souter, Ruth Bader Ginsburg and Stephen G. Breyer.,,,,,
,58," will be freed today after serving two thirds of his five-year sentence for the manslaughter of 16-year-old Fred Barras.	Martin served two thirds of a five-year sentence for the manslaughter of Barras and for wounding Fearon.",,,,,,,,
," and Biogen shareholders the remaining 49.5 percent.	The companies said Idec holders would own about 50.5 percent of the stock of the combined company.",,,,,,,,,
, the open-source guru insisted," ""This attack was wrong"," and it was dangerous to our goals.""	""This attack was wrong", and it was dangerous to our goals," Raymond said.
main-news	MSRpar	2012test	0527	4.000	Frank Quattrone, the former Credit Suisse First Boston technology investment-banking guru, reportedly pleaded not guilty Tuesday to charges of obstruction of justice and witness tampering.	NEW YORK -(Dow Jones)- Former star investment banker Frank Quattrone pleaded not guilty Tuesday to criminal charges of obstruction of justice and witness tampering.
main-news	MSRpar	2012test	0532	2.200	The blue-chip Dow Jones industrial average .DJI fell 86.56 points, or 0.94 percent, to 9,109.99, after giving up more than 1 percent earlier.	The Dow Jones industrial average .DJI fell 79.43 points, or 0.86 percent, to 9,117.12 on Friday.
main-news	MSRpar	2012test	0534	3.400	The Dow Jones industrial average ended the day down 10.89 at 9,837.94, after advancing 111.04 Wednesday.	The Dow Jones industrial average fell 10.89 points, or 0.11 percent, to 9,837.94.
main-news	MSRpar	2012test	0548	3.500	Perry has since called two special legislative sessions to try force the redistricting plan through.	Since then, Texas Gov. Rick Perry has called two special sessions trying to push the measure through.
main-news	MSRpar	2012test	0552	4.250	The agency will consider as timely any tax returns or payments due"" Aug. 15 if they are submitted by Aug. 22.	The agency said it would consider as timely any tax returns or payments due from Friday through Aug. 22 if they are completed by Aug. 22.",,,,,
,,,,,,,,,,
," who won democratic elections in September 2001.	The Fijian military installed an all-indigenous government led by Mr Qarase", who won democratic elections in September 2001.,,,,,,,,
,,,,,,,,,,
," versus 4.35 percent at Wednesday's close.	The 30-year bond US30YT=RR grew 1-3/32 for a yield of 4.30 percent", down from 4.35 percent late Wednesday.,,,,,,,,
, his lawyers asked Gov. Mark R. Warner to grant clemency," but the governor declined to intervene.	Last week", his lawyers asked Warner to grant clemency under certain conditions that would have lead to a new sentencing hearing.,,,,,,,
,,,,,,,,,,
, Reid Weingarten, said despite the thorough investigation," ""the best the investigators can do is nitpick about the process and substance of isolated business decisions.""",,,,,,,
, alleging abuse of juvenile offenders at two state-run facilities.,,,,,,,,,
, the France captain and Chelsea defender, believes the latter is true.,,,,,,,,
,,,,,,,,,,
," where his plane had made a refuelling stop.	Police detained Khodorkovsky early on Saturday when his jet made a refueling stop in the Siberian city of Novosibirsk.",,,,,,,,,
, Germany," to increase profitability.	Sony Ericsson also said it plans to close its R&D site in Munich", Germany, for GSM and UMTS handsets.,,,,,,
, where most of its 1.3 billion people live.,,,,,,,,,
,844 abortions were performed in the state last year.,,,,,,,,,
," it said in a statement.	The researchers say that the fact the MAP bug is present in the vast majority of Crohns sufferers means it is almost certainly causing the intestinal inflammation.
main-news	MSRpar	2012test	0617	3.500	The life expectancy for boys born in 2001 was 74.4 years, up two years since 1990.	According to the report, average life expectancy has increased by nearly two years since 1990.
main-news	MSRpar	2012test	0620	3.333	For the full 12-month period, high-speed cable modem connections increased by 49 percent.	For the full year period ending June 30, 2003, high-speed lines increased by 45 percent.
main-news	MSRpar	2012test	0623	2.667	We believe the report is fully consistent with what the courts have ruled ... that the department's actions are fully within the law.	Comstock said several federal courts have ruled that the detentions are fully within the law.
main-news	MSRpar	2012test	0630	3.200	Indeed, Mr. Weill, a self-described workaholic, said he planned to remain very involved in the company.	Still, Mr. Weill will remain very much a power at the company.
main-news	MSRpar	2012test	0633	3.800	Gregory Parseghian, a former investment banker, was appointed chief executive.	Greg Parseghian was appointed the new chief executive.
main-news	MSRpar	2012test	0635	3.400	The report cites the marriage of the alleged operational commander of the Bali bombings, Mukhlas, to Farida, a highly cosmopolitan and well-educated young woman"".	The report cites the marriage of the alleged operational commander of the Bali bombings", Mukhlas, as an example of how JI uses marriage to grow.,,,,,,,
,,,,,,,,,,
," Funny Cide's trainer Barclay Tagg said.	Meanwhile, Funny Cide's trainer, Barclay Tagg, called the allegations ridiculous.""",,,,,,,,,
," Cuban officials said none of nearly two dozen nominated Cuban musicians received U.S. visas on time to attend the Grammys in Los Angeles.	Cuban officials said that last year none of about two dozen nominated Cuban musicians received U.S. visas in time to attend the Latin Grammys.",,,,,,,,,
,,,,,,,,,,
," ""Living History"," appears a certain bestseller.	Hillary Clinton, the New York senator and former first lady, has a book out Monday titled Living History.
main-news	MSRpar	2012test	0699	3.000	Canada is a small country", and it needs companies like this," deals like this.""	A passionate nationalist"," Mr. D'Alessandro said: ""Canada is a small country"," and we need more companies like this.""",,,,
,,,,,,,,,,
," Barber said, adding: Jeremy is living the dream life of the New York athlete.	He also said Shockey is ""living the dream life of a New York athlete.",,,,,,,,,
, chart, profile) declined 3,000 yen, or 0.65 percent, to 456,"000 yen.	Sumitomo Mitsui Financial (JP:8316: news", chart, profile) was down 2.5 percent at 198,000 yen.,
,"557 genes on chromosome 6 are thought to be functional.	The remaining 1",557 genes are believed to be all functional.,,,,,,,,
, Anadarko now expects volume of 46 million BOE," down from 48 million BOE.	Production for the second quarter was cut to 46 million barrels from 48 million barrels.",,,,,,,,
," Saddam Hussein's hometown and the center of a region of Baath Party supporters.	Tikrit is Saddam Hussein's hometown and the region around it is known as a hotbed of Baath Party supporters and former high-ranking Iraqi military officials.",,,,,,,,,
, of the Liberal Alliance of Montenegro," won 31 percent of the vote while the independent Dragan Hajdukovic got four percent.	Miodrag Zivkovic", the leader of the pro-independence opposition Liberal Alliance, came in second with 31 percent of the vote.,,,,,,
," Pearson posted a 26 million pre-tax profit.	A year ago the firm posted a profit of 26 million pounds.",,,,,,,,,
," Oracle said 34.75 million PeopleSoft shares had been tendered.	Some 34.7 million shares have been tendered", Oracle said in a statement.,,,,,,,,
,,,,,,,,,,
," Villafranca from Austin and Ratcliffe from Laredo.	Pete Slover reported from Laredo and Gromer Jeffers from Albuquerque.",,,,,,,,,
,247 annually, including miscellaneous," campus-based fees.	The 25 percent hike takes annual UC undergraduate tuition to $4",794 and graduate fees to $5,19,,,,,
, officials said.,,,,,,,,,
,,,,,,,,,,
,,,,,,,,,,
, for cellular analysis and notification of antigen risks and yields.,,,,,,,,,
, Fort Carson-based Sgt. Ernest Bucklew,33," had been on his way home to attend his mother's funeral in Pennsylvania.	Sgt. Ernest Bucklew",33, was coming home from Iraq to bury his mother in Pennsylvania.,,,,,
, and he is scheduled to be sentenced June 10.,,,,,,,,,
,,,,,,,,,,
," and traded at $1.1594 at 10:15 a.m. in London.	The dollar dropped to $1.1564 per euro at 7:30 a.m. in London from $1.1486 on Friday.",,,,,,,,,
," Morales expressed ""sincere regrets and remorse"" for his actions.	Morales", who pleaded guilty in July," expressed ""sincere regret and remorse"" for his crimes.",,,,,,,
," Galvin said.	Through Sunday", Sept. 21, Site Finder has been visited over 65 million times by Internet users.,,,,,,,
," ""MediaMax performs exactly as 'advertised' to the companies who purchased it.	""MediaMax performs EXACTLY as ""advertised"" to the companies who purchased it"," Jacobs said in the statement.
main-news	MSRpar	2012train	0113	2.500	He was tracked to Atlanta where he was arrested on Tuesday night.	He was arrested in Atlanta, Georgia, on Monday night by police acting on a tip-off.
main-news	MSRpar	2012train	0133	5.000	The Bush administration blames Hussein loyalists and foreign Muslim militants who have entered Iraq to fight U.S. troops for the wave of bombings and guerrilla attacks.	The Bush administration blames the wave of bombings and guerrilla attacks on Saddam loyalists and foreign Muslim militants who have entered Iraq to fight U.S. troops.
main-news	MSRpar	2012train	0134	4.000	It later emerged that he had broken his right thigh and bones in his right wrist and elbow.	Tour doctors later confirmed that he had broken his right leg near the hip and also sustained wrist and elbow fractures.
main-news	MSRpar	2012train	0149	3.600	The Senate agreed Tuesday to lift a 10-year-old ban on the research and development of low-yield nuclear weapons.	Both the House and Senate bills would end the ban on research and development of low-yield nuclear weapons.
main-news	MSRpar	2012train	0157	4.200	Some 95 million Americans -- half of all households -- invest in mutual funds.	About half of all U.S. households have money in mutual funds.
main-news	MSRpar	2012train	0162	3.400	The House has passed prescription-drug legislation in the last two sessions, but the Senate has failed to do so.	The House has passed bills the past two Congresses, but the Senate has not.
main-news	MSRpar	2012train	0164	2.600	The elderly and those with weakened immune systems are also urged to protect against mosquito bites.	But for the elderly and those with weakened immune systems, it can be fatal.
main-news	MSRpar	2012train	0167	3.600	Ms Lafferty's lawyer, Thomas Ezzell, told a Kentucky newspaper: My understanding of this is that there is a lower percentage of successful impregnations with frozen.	""My understanding of this is that there is a lower percentage of successful impregnations with frozen"," Ezzell said.
main-news	MSRpar	2012train	0171	4.000	Klarman was arrested by FBI agents in the Hamptons, an exclusive summer resort enclave east of New York City.	Klarman was arrested by FBI agents Monday morning at his home in New York.
main-news	MSRpar	2012train	0172	3.500	The bishop told police he thought he had hit a dog or a cat or that someone had thrown a rock at his vehicle.	Bishop O'Brien, aged 67, had told police he thought he had hit a dog or cat.
main-news	MSRpar	2012train	0181	1.500	A promotional poster, complete with countdown dial, reminds readers of the upcoming release of Harry Potter and the Order of the Phoenix.""	The crates are full of hardback copies of ""Harry Potter and the Order of the Phoenix.""",,,,,,,
, but at this stage, given the early detection, the outlook in such instances would be positive," the specialist said yesterday.	But at this stage", given the early detection, the outlook in such instances would be positive," he said.
main-news	MSRpar	2012train	0189	1.750	In morning trading, the Dow Jones industrial average was up 40.12, or 0.5 percent, at 8,571.69, having fallen 51 points Monday.	In New York, the Dow Jones industrial average a gauge of 30 blue chip stocks was up 3.29 points or 0.04 per cent to 8,585.97.
main-news	MSRpar	2012train	0191	3.750	Rich media doubled its share, increasing from 3% in Q2 2002 to 6% in Q2 2003.	Rich Media interactive ad formats doubled their share from 3% in second quarter of 2002, to 6% in the second quarter of 2003.
main-news	MSRpar	2012train	0196	4.800	It will take time to oust die-hard remnants of Saddam Hussein's deposed regime in Iraq, Defense Secretary Donald H. Rumsfeld said Tuesday.	Defense Secretary Donald H. Rumsfeld said Tuesday it will take time to locate die-hard remnants of Saddam Hussein's deposed regime in Iraq.
main-news	MSRpar	2012train	0200	3.400	Sayliyah was the command base for the Iraq war, but Central Command sent hundreds who ran the war back home to Tampa, Florida.	As Sayliyah was the command base for the Iraq war, but hundreds who ran the war have returned to the United States.
main-news	MSRpar	2012train	0202	2.600	SCO says the pricing terms for a license will not be announced for weeks.	Details on pricing will be announced within a few weeks, McBride said.
main-news	MSRpar	2012train	0206	4.400	Sources within the racing industry have told the Daily Bulletin that Fontana will get a second NASCAR race on Labor Day weekend starting next season.	Sources in the racing industry said Fontana will get a second NASCAR race on Labor Day weekend starting next season.
main-news	MSRpar	2012train	0214	3.600	The Dow Jones industrial average .DJI ended up 56.79 points, or 0.67 percent, at 8,588.36 -- its highest level since January 17.	The Dow Jones Industrial Average ($DJ: news, chart, profile) rose 56 points, or 0.7 percent, to 8,588.
main-news	MSRpar	2012train	0221	3.600	Dennehy, who transferred to Baylor last year after getting kicked off the University of New Mexico Lobos for temper tantrums, had begun to read the Bible daily.	Dennehy, who transferred to Baylor last year after getting kicked off the University of New Mexico Lobos for temper tantrums, became a born-again Christian in June 2002.
main-news	MSRpar	2012train	0223	4.000	Bashir felt he was being tried by opinion not on the facts, Mahendradatta told Reuters.	Bashir also felt he was being tried by opinion rather than facts of law, he added.
main-news	MSRpar	2012train	0224	4.500	Schofield got Toepfer to admit on cross-examination that she ignored many of O'Donnell's suggestions and projects.	But under cross-examination by O'Donnell's attorney, Lorna Schofield, Toepfer conceded she had ignored many of O'Donnell's suggestions and projects.
main-news	MSRpar	2012train	0237	5.000	In that case, the court held that Cincinnati had violated the First Amendment in banning only the advertising pamphlets in the interest of aesthetics.	In that case, the court held that the city of Cincinnati had violated the First Amendment in banning, in the interest of aesthetics, only the advertising pamphlets.
main-news	MSRpar	2012train	0248	3.400	Box cutters were used as a weapon by the Sept. 11, 2001, hijackers and have since been banned as carry-on items.	Box cutters were the weapons used by the 19 hijackers in the Sept. 11, 2001, attacks.
main-news	MSRpar	2012train	0253	3.750	On July 22, Moore announced he would appeal the case directly to the U.S. Supreme Court.	Moore of Alabama says he will appeal his case to the nation's highest court.
main-news	MSRpar	2012train	0262	3.176	Southwest said its traffic was up 4.6 percent in the quarter, and it ended the quarter with $2.2 billion in cash.	Southwest said its traffic was up 4.6 percent in the quarter on a capacity increase of 4.2 percent.
main-news	MSRpar	2012train	0279	3.600	Four versions of Windows operating systems are targeted: Windows NT, Windows 2000, Windows XP and Windows Server 2003.	The new worm affects these Windows systems: 2000, XP, NT 4.0 and Server 2003.
main-news	MSRpar	2012train	0281	3.200	Shares of McDonald's Corp. and Wendy's International Inc. continued a modest run-up on the New York Stock Exchange Monday.	Shares of McDonald's and Wendy's continued their recent recovery Monday, rising more than 1 percent on the New York Stock Exchange in afternoon trade.
main-news	MSRpar	2012train	0292	3.500	He playfully chided the Senate's little bitty tax relief plan.""	We don't need a little bitty tax relief plan.",,,
,,,,,,,,,,
, Siemens, Palm, Sharp, Philips," Dell and Sony.	Nvidia will take advantage of MediaQ customers", which include such players as Siemens AG, Sharp, Philips, Dell, Mitsubishi and Sony Corp.
, based in Strasbourg, France," is one of a handful of companies that still make the flu vaccine.	Aventis", based in Strasbourg, France, is one of the leading producers of the vaccine and one of a handful of companies that still make it.,,,,
," NYC Mayor: ""I'm gonna try march with a number of different groups.	""I'm going to try to march with a number of different groups"," Bloomberg said.
main-news	MSRpar	2012train	0308	3.600	The attack seemed similar to others staged near foreign compounds in Riyadh on May 12.	The attack seemed similar to attacks staged near foreign compounds in Riyadh on May 12, for which officials have also blamed al-Qaida.
main-news	MSRpar	2012train	0311	3.750	We put a lot of effort and energy into improving our patching process"," probably later than we should have and now we're just gaining incredible speed.	""We've put a lot of effort and energy into improving our patching progress", probably later than we should have.,,,,,,
, which made it hard to see," the chief said.	The boy fired once into a wall and sprayed the room with fire extinguishers", making it hard to see, the chief said.,,,,,,
," Manson said.
main-news	MSRpar	2012train	0321	1.800	The meat, poultry, butter, cheese and nuts were impounded a year ago at a LaGrou Cold Storage warehouse in Chicago.	The meat, poultry, butter, cheese and nuts were being stored by more than 100 wholesalers in Chicago.
main-news	MSRpar	2012train	0322	3.600	The BlueCore3-Multimedia includes a 16-bit stereo audio CODEC with dual ADC and DAC for stereo audio.	BlueCore3-Multimedia contains an open platform DSP co-processor and also includes a 16-bit stereo audio codec with dual ADC and DAC for stereo audio.
main-news	MSRpar	2012train	0330	4.400	Now, with the agency's last three shuttles grounded in the wake of the Columbia disaster, that wait could be even longer.	With the remaining three shuttles grounded in the wake of the Columbia accident, the rookies will have to wait even longer.
main-news	MSRpar	2012train	0331	3.000	Bremer, 61, is a onetime assistant to former Secretaries of State William P. Rogers and Henry Kissinger and was ambassador-at-large for counterterrorism from 1986 to 1989.	Bremer, 61, is a former assistant to former Secretaries of State William P. Rogers and Henry Kissinger.
main-news	MSRpar	2012train	0338	4.000	Those conversations had not taken place as of Tuesday night, according to an Oracle spokeswoman.	Those talks have not taken place, according to an Oracle spokeswoman.
main-news	MSRpar	2012train	0341	3.250	Taiwan has attempted to gain observer status to the United Nations-affiliated WHO for seven years, but again was rebuffed March 19 at its annual conference in Geneva.	It has sought observer status for seven years, but was again rebuffed May 19 at the annual WHO conference in Geneva.
main-news	MSRpar	2012train	0344	3.000	A Washington County man may have the countys first human case of West Nile virus, the health department said Friday.	The countys first and only human case of West Nile this year was confirmed by health officials on Sept. 8.
main-news	MSRpar	2012train	0345	2.600	National Breast Cancer Centre chief executive Professor Christine Ewan said it was too early to quantify the risk to women.	National Breast Cancer Centre head Professor Christine Ewan said there was no need for panic.
main-news	MSRpar	2012train	0346	2.600	Brendsel and chief financial officer Vaughn Clarke resigned June 9.	The company's chief executive retired and chief financial officer resigned.
main-news	MSRpar	2012train	0347	4.600	On health care, the NDP says there will be no privatization and no health-care premiums.	The New Democrats also renewed their commitment to no health-care privatization and no premiums.
main-news	MSRpar	2012train	0353	2.750	The new companies will begin trading on Nasdaq today under the ticker symbols PLMO and PSRC.	Also as part of the deal, PalmSource stock will begin trading on the NASDAQ stock market Wednesday under the ticker symbol: PSRC.
main-news	MSRpar	2012train	0354	2.200	Kids, adults, booksellers and postal workers all are preparing for Harry Potter and the Order of the Phoenix.""	The crates are full of hardback copies of ""Harry Potter and the Order of the Phoenix.""",,,,,,,,,
,"’’ the Chinese word for space — who would travel on the second mission.	The government did not identify the taikonauts -- a term coined from taikong", the Chinese word for space.,,,,,,,,
,,,,,,,,,,
,,,,,,,,,,
," I have the opportunity to congratulate the governor-elect of the great state of California.	""I have the opportunity to congratulate the governor-elect of the great state of California"," and I'm looking forward to it.""",,,,,,,,
, but the volume is likely to fall sharply," said Junya Tanase, forex strategist at JP Morgan Chase.	Junya Tanase, forex strategist at JP Morgan Chase, said I expect Japan to keep conducting intervention"," but the volume is likely to fall sharply.""",,,,,,,
, The Related Companies and Apollo Real Estate Advisors LP," on the deal.	The developers", The Related Cos. and Apollo Real Estate Advisors, hope sales top $1 billion.,,,,,,
," he told reporters.	It ain't coming to me, but it's only about a third of what I owe in the world.
main-news	MSRpar	2012train	0401	0.500	The tech-laced Nasdaq Composite Index gained 2.90 points, or 0.18 percent, to 1,606.87.	At 12:10 p.m. EDT, Canada's benchmark S&P/TSX composite index was up 6.87 points or 0.1 per cent to 6,979.29.
main-news	MSRpar	2012train	0404	3.250	The benchmark 10-year Treasury note yield <US10YT=RR> dipped below 4.20 percent on Tuesday.	Prices for Treasury securities also rose, with the yield on the benchmark 10-year note falling to 4.19 percent.
main-news	MSRpar	2012train	0406	2.400	So was Edie Falco, the critically praised co-star of Frankie and Johnny.""	Edie Falco was not nominated for ""Frankie and Johnny.""",,,,,,,,,
, but we want the (U.S.) occupation to end," said Hit resident Abu Qasim.	Saddam is gone"," but we want the (U.S.) occupation to end.""",,,,,,,
, who had been lieutenant governor for the past seven years," was sworn in as governor after O'Bannon died Saturday.	Kernan", who was O'Bannon's lieutenant governor, friend and political partner, was sworn in six hours after O'Bannon died Saturday.,,,,,
,,,,,,,,,,
,,,,,,,,,,
, dipping 12 cents to close at $6.88.,,,,,,,,,
," the former Citicorp chief executive who became interim chairman and chief executive of the exchange last Sunday .	Next week", John S. Reed, the former Citicorp chief executive who Sunday became interim chairman and chief executive of the exchange, will take up his position.,,,,,,
," or whether they would be increased.	He refused to say what percentage of domestic flights had security officers on board.",,,,,,,,,
, or 1.3 percent, to 1523.71," its highest since June 18.	The S&P 500 had climbed 16 percent since its March low and yesterday closed at its highest since Dec. 2.",,,,,,,
,,,,,,,,,,
,,,,,,,,,,
, or 1.1 percent," at $41.19 on the New York Stock Exchange after falling as low as $39.93.	Navistar shares rose a penny to $41.64 at late afternoon on the New York Stock Exchange after earlier falling as low as $39.93.",,,,,,,,
,,,,,,,,,,
," NBC and Liberty executives were not immediately available for comment.	A Microsoft spokesman was not immediately available to comment.",,,,,,,,,
,"608 participants developed ovarian cancer during about 5 years of follow-up.	The new analysis found that 32 of 16",608 participants developed ovarian cancer in about 5 1/2 years of follow-up, including 20 women taking hormones.,,,,,,,
,91, died Sunday at his home in Connecticut.,,,,,,,,
, Government Canyon's manager," said the state has long had its eye on this piece of property and is eager to complete the deal to obtain it.	Deirdre Hisler", Government Canyon's manager, said the state long has coveted this piece of property, and is eager to complete the deal.,,,,,
," huddled in blankets to protect them from the cold.	Reuters witnesses said public squares were packed with crying children and people left homeless", huddled in blankets to protect them from the cold.,,,,,,,,
, often at reduced hours.,,,,,,,,,
," Strutt said.	The security official's backup was on active duty", and the lottery association didn't have a replacement in New Jersey, Strutt said.,,,,,,,
," about 250 miles west of Caracas.	Phoberomys' skeleton was unearthed 250 miles west of Caracas", Venezuela.,,,,,,,,
,,,,,,,,,,
, the Direct Marketing Association said its members should not call the nearly 51 million numbers on the list.,,,,,,,,,
,,,,,,,,,,
, or 0.32 percent, at 1,590.75," breaking a six-day string of gains.	The tech-heavy Nasdaq Composite Index .IXIC was off 0.11 percent", or 1.78 points, at 1,594.13.,,,
,,,,,,,,,,
, prompting outrage from smokers' groups.,,,,,,,,,
," Supoyo said.	But police say the driver of the truck has not been found and is wanted for questioning.",,,,,,,,,
, the artistry of black musicians has conveyed the experience of black Americans throughout our history," Bush said.	Surrounded by singers from Harlem, Bush said: ''The artistry of black musicians has conveyed the experience of black Americans throughout our history.
main-news	MSRpar	2012train	0606	4.000	Geraldine Andrews, the pastor's daughter-in-law, said Robinson recently took her daughter out of a mental health facility.	Geraldine Andrews, Reynolds' daughter-in-law and a friend of Wilson's family, said Robinson had recently taken Wilson out of a mental health facility.
main-news	MSRpar	2012train	0610	3.400	Before Thursday's matinee, Baker called a clubhouse meeting, concerned that the controversy had distracted the Cubs.	Baker called a pregame meeting, believing the the corked-bat episode had distracted the team.
main-news	MSRpar	2012train	0611	2.800	She was taken by ambulance to Charing Cross Hospital in Hammersmith.	She was taken to Charing Cross Hospital, where she remained critically ill last night.
main-news	MSRpar	2012train	0616	1.600	Shortly after the opening bell, the Dow Jones Industrial Average was up 11.13 to 9,228.48, while the S&P 500 index gained 1.74 to 982.33.	After a weak start, the Dow Jones Industrial Average ended the day up 26.26 to 9,217.35, while the S&P 500 index rose 3 to 980.59.
main-news	MSRpar	2012train	0618	3.800	In addition, primary care trusts (PCTs) were given star ratings for the first time this year.	Primary Care Trusts and Mental Health Trusts have also been formally rated for the first time this year.
main-news	MSRpar	2012train	0637	2.667	We are expending all available resources toward the investigation"," said Assistant U.S. Attorney Todd Greenberg, a counterterrorism prosecutor in Seattle.	We are aware of the situation"," said Assistant US Attorney Todd Greenberg, a counter-terrorism prosecutor in Seattle.
main-news	MSRpar	2012train	0643	1.200	The technology-laced Nasdaq Composite Index .IXIC shed 15 points, or 0.98 percent, to 1,492.	The broader Standard & Poor's 500 Index <.SPX> edged down 9 points, or 0.98 percent, to 921.
main-news	MSRpar	2012train	0649	4.800	The research firm earlier had forecast an increase of 4.9 percent.	The firm had predicted earlier this year a 4.9 percent increase.
main-news	MSRpar	2012train	0654	3.000	PeopleSoft will commit $863 million in cash and issue 52.6 million new shares, the companies said.	The new deal would be valued at $1.75 billion, including $863 million in cash and 52.6 million PeopleSoft shares.
main-news	MSRpar	2012train	0657	4.000	So in his State of the Union address in January, Bush declared that the British government has learned that Saddam Hussein recently sought significant quantities of uranium from Africa.""	In his Jan. 28 State of the Union message", Bush said," ""The British government has learned that Saddam Hussein recently sought significant quantities of uranium from Africa.""",,,,
, half are representatives of the securities industry and half are designated public members.,,,,,,,,,
,,,,,,,,,,
,,,,,,,,,,
," or 13 cents a share.	That was more than double the $102 million", or 13 cents a share, for the year-earlier quarter.,,,,,,,
, nonetheless," has yet to exhibit sustainable growth.	But the economy hasn't shown signs of sustainable growth.",,,,,,,,
,,,,,,,,,,
, U.S. Treasuries started off on Monday weaker," as stocks rose early.	In other markets", U.S. Treasuries inched higher as declining stocks raised the appeal of safe-haven debt.,,,,,,,
, or 1.53 percent, at 1,"628.26.	The broader Standard & Poor's 500 Index .SPX gave up 11.91 points", or 1.19 percent, at 986.60.,,,,,
," so the decision is a victory for Secretary of State Colin L. Powell.	The Pentagon had hoped to retain control of the postwar effort", so the decision was seen by some insiders as a victory for Powell and the State Department.,,,,,,,,
,63, from York, fell into a cavity which opened up when the structure collapsed at Tiburtina station," Italian railway officials said.	Sally Baldwin", from York, was killed instantly when a walkway collapsed and she fell into the machinery at Tiburtina station.,,,,
,,,,,,,,,,
, and the company filed for bankruptcy in July 2002," citing massive accounting irregularities.	WorldCom's financial troubles came to light last year and the company subsequently filed for bankruptcy in July",2002,,,,,,,
," representing 35% of all Web advertising.	In the second quarter", consumer advertisers continued to spend the most online, slightly increasing their share.,,,,,,,
, he testified, had a gunshot wound in the back.,,,,,,,,
,995 for an unlimited number of users tapping into the single processor," or $195 per user with a minimum of five users.	It is priced at $5",995 or $195 on a per user licensing plan with a minimum of five users.,,,,,,,
,,,,,,,,,,
,,,,,,,,,,
,,,,,,,,,,
,,,,,,,,,,
,,,,,,,,,,
,,,,,,,,,,
,,,,,,,,,,
,,,,,,,,,,
,,,,,,,,,,
," 56 injured in PKK attack in eastern Turkey	3 killed", 14 injured in attacks in Iraq,,,,,,,,
,,,,,,,,,,
,,,,,,,,,,
,,,,,,,,,,
,,,,,,,,,,
,,,,,,,,,,
," powers set for high-stakes nuclear talks	U.S.", Iran prepare for Istanbul nuclear talks,,,,,,,,
,,,,,,,,,,
,"100 jobs in UK	Royal Mail to create 1",000 jobs,,,,,,,,
,,,,,,,,,,
, Russia pressed,,,,,,,,,
,,,,,,,,,,
,,,,,,,,,,
,,,,,,,,,,
,,,,,,,,,,
,,,,,,,,,,
,,,,,,,,,,
,,,,,,,,,,
,,,,,,,,,,
,,,,,,,,,,
," becomes Egyptian president	Morsi to take oath as first Egypt civilian president",,,,,,,,,
,,,,,,,,,,
,,,,,,,,,,
," clash with rebels	Syrian forces and rebels clash in coastal province",,,,,,,,,
, police clash as bailout deal in limbo,,,,,,,,,
,,,,,,,,,,
,,,,,,,,,,
,,,,,,,,,,
, thanks to Germany,,,,,,,,,
,,,,,,,,,,
,,,,,,,,,,
,,,,,,,,,,
,,,,,,,,,,
,,,,,,,,,,
,,,,,,,,,,
,,,,,,,,,,
,,,,,,,,,,
,,,,,,,,,,
,,,,,,,,,,
,,,,,,,,,,
,,,,,,,,,,
,,,,,,,,,,
,,,,,,,,,,
, French photographer 'killed in Syria',,,,,,,,,
,,,,,,,,,,
,,,,,,,,,,
,,,,,,,,,,
,,,,,,,,,,
,,,,,,,,,,
,,,,,,,,,,
,,,,,,,,,,
,,,,,,,,,,
,,,,,,,,,,
,,,,,,,,,,
,,,,,,,,,,
," 7.4M without power	Eastern U.S. storms leave 2 dead in Va.", 2 million without power,,,,,,,,
,,,,,,,,,,
,,,,,,,,,,
,,,,,,,,,,
, says Danny Boyle,,,,,,,,,
,,,,,,,,,,
,,,,,,,,,,
,,,,,,,,,,
,,,,,,,,,,
,,,,,,,,,,
,,,,,,,,,,
,,,,,,,,,,
, five dead,700,"000 lose power	Blizzard wallops US Northeast", closes roads,,,,,,
,,,,,,,,,,
,,,,,,,,,,
,,,,,,,,,,
,,,,,,,,,,
,,,,,,,,,,
,,,,,,,,,,
,,,,,,,,,,
,,,,,,,,,,
,,,,,,,,,,
,,,,,,,,,,
,,,,,,,,,,
,,,,,,,,,,
,,,,,,,,,,
,,,,,,,,,,
,,,,,,,,,,
,,,,,,,,,,
," prays for calm	Egypt braces for more protests over Morsi", prays for calm,,,,,,,,
,,,,,,,,,,
,,,,,,,,,,
,,,,,,,,,,
,,,,,,,,,,
,,,,,,,,,,
," six global powers sign landmark nuclear deal	Iran", world powers agree nuclear deal,,,,,,,,
,,,,,,,,,,
,,,,,,,,,,
,,,,,,,,,,
,,,,,,,,,,
,,,,,,,,,,
,,,,,,,,,,
," UK chemical arms claims	US suspects Syria used chemical weapons",,,,,,,,,
,,,,,,,,,,
,,,,,,,,,,
,,,,,,,,,,
,,,,,,,,,,
,,,,,,,,,,
,,,,,,,,,,
,,,,,,,,,,
," Dublin coasts	Six rescued after boat capsizes in Dublin Bay",,,,,,,,,
,,,,,,,,,,
,,,,,,,,,,
,,,,,,,,,,
,,,,,,,,,,
,,,,,,,,,,
,,,,,,,,,,
,,,,,,,,,,
,,,,,,,,,,
," South Korea agree to talks	North", South Korea hold rare talks,,,,,,,,
,,,,,,,,,,
,,,,,,,,,,
,,,,,,,,,,
,"000 near Damascus	Syria army continues mop-up operations near Damascus",,,,,,,,,
,,,,,,,,,,
," phone service restored in Syrian capital	Internet service resumes in Syria",,,,,,,,,
,,,,,,,,,,
, all eyes on Fed,,,,,,,,,
,,,,,,,,,,
,,,,,,,,,,
,,,,,,,,,,
, 5 Afghan police killed in ambushes,,,,,,,,,
,,,,,,,,,,
,,,,,,,,,,
,,,,,,,,,,
,,,,,,,,,,
," Russian troops on alert	Ukraine Refuses to Act Against Russian 'Provocation'",,,,,,,,,
, Snowden," Belarusians Short-Listed For Sakharov Prize	Fugitive Snowden short-listed for European rights prize",,,,,,,,
, Islamists cry foul,,,,,,,,,
,,,,,,,,,,
,,,,,,,,,,
," says terror attack possible	US issues global travel alert", cites al-Qaida threat,,,,,,,,
,,,,,,,,,,
,,,,,,,,,,
,,,,,,,,,,
,,,,,,,,,,
,,,,,,,,,,
, Japan,,,,,,,,,
,,,,,,,,,,
," Obama to make statement	Weapons experts leave Syria", U.S. prepares attack,,,,,,,,
,,,,,,,,,,
,,,,,,,,,,
,,,,,,,,,,
,,,,,,,,,,
,,,,,,,,,,
,,,,,,,,,,
,,,,,,,,,,
,,,,,,,,,,
," injures 13 in Pakistan	Twitter blocks content in Pakistan",,,,,,,,,
,,,,,,,,,,
,,,,,,,,,,
,,,,,,,,,,
,,,,,,,,,,
,,,,,,,,,,
,,,,,,,,,,
,,,,,,,,,,
,,,,,,,,,,
,,,,,,,,,,
,,,,,,,,,,
,,,,,,,,,,
,,,,,,,,,,
,,,,,,,,,,
,,,,,,,,,,
," bomb at football pitch	46 dead in Iraq attack blitz",,,,,,,,,
,,,,,,,,,,
,,,,,,,,,,
," groups pledge millions for typhoon relief	Canada promises $5-million in typhoon relief",,,,,,,,,
,,,,,,,,,,
,,,,,,,,,,
,,,,,,,,,,
," sextet to resume expert talks	Iran upbeat on 'useful' expert-level nuke talks",,,,,,,,,
,"127	Bangladesh collapse deaths top 620",,,,,,,,,
,,,,,,,,,,
,,,,,,,,,,
,,,,,,,,,,
, Aug. 19," 2013	What the Papers Say", Dec. 30,2013,,,,,,
,,,,,,,,,,
," no casualties	Car Bomb Hits Swedish Consulate in Benghazi", None Hurt,,,,,,,,
,,,,,,,,,,
,,,,,,,,,,
,,,,,,,,,,
,,,,,,,,,,
," Videotron extend reach with network-sharing deal	Rogers", Videotron reach network-sharing, spectrum deal,,,,,,,
,,,,,,,,,,
,,,,,,,,,,
,,,,,,,,,,
,,,,,,,,,,
, killed in Northern Mali,,,,,,,,,
,,,,,,,,,,
, Syria,,,,,,,,,
,,,,,,,,,,
,,,,,,,,,,
,,,,,,,,,,
,,,,,,,,,,
,40, killed in car crash,,,,,,,,
,,,,,,,,,,
," president clash over reply to protests	Turkish president calls for calm amid nationwide protests",,,,,,,,,
,,,,,,,,,,
,,,,,,,,,,
,,,,,,,,,,
," 4 missing in central China construction accident	One dead", 8 missing in Vietnam boat accident,,,,,,,,
," China fail to paper over cracks in ties	China: Relief in focus as hope for missing fades",,,,,,,,,
,,,,,,,,,,
,,,,,,,,,,
,,,,,,,,,,
,,,,,,,,,,
,,,,,,,,,,
,,,,,,,,,,
,,,,,,,,,,
,,,,,,,,,,
," jury says	Europe Media Monitor (http://emm.newsbrief.eu)	Europe Media Monitor (http://emm.newsbrief.eu)",,,,,,,,,
,,,,,,,,,,
,,,,,,,,,,
,,,,,,,,,,
,"000 'forgotten' bitcoin haul	Mt Gox finds 200","000 'forgotten' bitcoins	Europe Media Monitor (http://emm.newsbrief.eu)	Europe Media Monitor (http://emm.newsbrief.eu)",,,,,,,,
,,,,,,,,,,
,,,,,,,,,,
,,,,,,,,,,
,,,,,,,,,,
,,,,,,,,,,
," Russia must show chemical arms proposal is genuine	Europe Media Monitor (http://emm.newsbrief.eu)	Europe Media Monitor (http://emm.newsbrief.eu)",,,,,,,,,
,,,,,,,,,,
,,,,,,,,,,
,,,,,,,,,,
," 2015	Europe Media Monitor (http://emm.newsbrief.eu)	Europe Media Monitor (http://emm.newsbrief.eu)",,,,,,,,,
,,,,,,,,,,
,,,,,,,,,,
,,,,,,,,,,
,,,,,,,,,,
,,,,,,,,,,
,,,,,,,,,,
," Canada pledge to further boost relations	Philippines saves 100 after ferry sinks	Europe Media Monitor (http://emm.newsbrief.eu)	Europe Media Monitor (http://emm.newsbrief.eu)",,,,,,,,,
," Israel pie in sky	Europe Media Monitor (http://emm.newsbrief.eu)	Europe Media Monitor (http://emm.newsbrief.eu)",,,,,,,,,
